EAR,mouth_ratio,head_tilt,eye_closure_time,no_movement_time,label
0.087,0.443,27.0,10.25,12.56,unconscious
0.279,0.322,4.5,0.12,0.11,alert
0.343,0.191,8.7,0.0,0.54,alert
0.229,0.603,10.5,3.34,5.36,drowsy
0.122,0.5,13.9,3.85,3.86,drowsy
0.323,0.154,3.9,0.03,0.35,alert
0.304,0.276,8.1,0.29,0.44,alert
0.213,0.422,5.5,0.35,0.26,alert
0.09,0.678,5.4,0.0,3.07,drowsy
0.281,0.302,5.9,0.0,0.87,alert
0.152,0.406,28.9,5.27,12.43,unconscious
0.173,0.71,3.9,1.23,5.41,drowsy
0.121,0.679,9.5,2.49,2.24,drowsy
0.211,0.804,11.9,1.51,2.83,drowsy
0.22,0.898,15.5,1.85,4.05,drowsy
0.121,0.248,19.9,6.49,8.0,unconscious
0.094,0.96,18.3,4.56,4.53,drowsy
0.197,0.886,10.4,2.7,3.56,drowsy
0.176,0.285,24.3,4.83,7.76,unconscious
0.095,0.594,18.4,5.97,5.39,unconscious
0.274,0.448,26.1,2.26,3.48,drowsy
0.241,0.05,1.7,0.02,0.51,alert
0.258,0.478,7.5,0.35,1.77,alert
0.155,0.818,10.0,2.05,2.12,drowsy
0.161,0.445,32.4,0.97,7.45,unconscious
0.149,0.236,18.8,3.55,11.67,unconscious
0.365,0.101,0.6,0.39,0.6,alert
0.312,0.411,12.2,0.05,0.2,alert
0.225,0.517,9.6,1.26,1.35,drowsy
0.133,0.794,14.2,2.15,5.75,drowsy
0.262,0.516,22.3,2.94,1.27,drowsy
0.083,0.373,38.9,8.25,17.42,unconscious
0.335,0.686,15.7,2.92,3.28,drowsy
0.253,0.236,5.1,0.0,0.54,alert
0.261,0.395,1.5,0.0,0.17,alert
0.269,0.362,3.2,0.0,0.36,alert
0.254,0.223,1.0,0.0,1.6,alert
0.178,0.395,44.0,7.45,7.2,unconscious
0.15,0.164,20.6,6.24,5.27,unconscious
0.331,0.517,2.2,0.0,0.0,alert
0.1,0.888,21.6,3.3,6.0,unconscious
0.258,0.288,2.3,0.0,0.36,alert
0.192,0.735,26.6,3.14,8.98,unconscious
0.275,0.28,6.8,1.06,0.95,alert
0.164,0.503,29.1,6.04,3.44,unconscious
0.144,0.334,24.2,1.43,4.42,unconscious
0.264,0.592,9.7,3.61,3.15,drowsy
0.106,0.262,23.7,4.54,6.24,unconscious
0.418,0.185,33.7,4.28,7.08,unconscious
0.141,0.633,9.8,2.94,0.0,drowsy
0.285,0.424,4.8,0.39,0.96,alert
0.268,0.257,8.6,0.37,0.0,alert
0.139,0.217,14.4,4.8,9.71,unconscious
0.2,0.794,13.8,0.97,2.3,drowsy
0.101,0.245,21.8,7.04,8.14,unconscious
0.135,0.701,15.4,2.93,2.39,drowsy
0.13,0.872,33.9,7.2,3.89,alert
0.123,0.456,20.2,4.52,9.67,unconscious
0.266,0.359,1.9,0.36,0.46,alert
0.317,0.383,9.5,0.29,0.61,alert
0.242,0.715,5.7,0.71,0.42,drowsy
0.211,0.84,13.6,0.34,3.55,drowsy
0.126,0.492,35.2,3.95,4.17,unconscious
0.216,0.731,9.7,0.25,3.75,drowsy
0.203,0.753,13.0,0.6,0.68,drowsy
0.266,0.599,17.1,1.48,1.22,drowsy
0.145,0.615,31.5,3.05,5.67,unconscious
0.096,0.371,24.4,8.07,8.92,unconscious
0.311,0.302,9.5,0.34,0.0,alert
0.101,0.406,31.1,4.65,8.87,unconscious
0.246,0.618,9.6,1.11,2.43,drowsy
0.257,0.31,3.8,0.0,0.0,alert
0.134,0.717,6.9,0.72,2.68,drowsy
0.19,0.641,14.9,1.36,1.84,drowsy
0.251,0.163,7.1,0.4,0.03,alert
0.244,0.88,18.7,1.47,3.91,drowsy
0.134,0.544,14.3,2.03,0.98,drowsy
0.115,0.779,5.8,1.0,2.08,drowsy
0.251,0.598,15.4,1.81,5.07,drowsy
0.268,0.785,16.0,1.98,2.08,drowsy
0.292,0.342,9.4,0.0,0.88,alert
0.117,0.349,17.4,5.13,13.98,unconscious
0.319,0.297,11.7,0.0,1.18,alert
0.116,0.319,35.4,6.19,8.64,unconscious
0.278,0.55,12.0,1.98,3.1,drowsy
0.132,0.0,33.4,2.39,6.44,unconscious
0.334,0.233,9.2,0.21,0.89,alert
0.219,0.208,5.8,0.1,0.25,alert
0.204,0.66,14.9,2.43,2.63,drowsy
0.203,0.524,19.2,2.83,4.72,drowsy
0.313,0.272,11.3,0.0,0.75,alert
0.258,0.329,8.5,0.0,0.57,alert
0.285,0.21,14.3,0.52,0.0,alert
0.184,0.716,17.3,1.65,2.95,drowsy
0.29,0.1,1.8,0.38,0.21,alert
0.162,0.256,47.7,1.1,7.55,unconscious
0.23,0.418,18.8,2.43,3.4,drowsy
0.298,0.314,1.7,0.61,0.45,alert
0.214,0.541,13.8,2.21,3.63,drowsy
0.204,0.661,15.4,1.84,4.82,drowsy
0.095,0.348,26.8,5.18,3.48,unconscious
0.121,0.131,28.5,5.97,9.69,unconscious
0.128,0.487,10.0,6.05,7.37,unconscious
0.275,0.428,7.1,0.43,0.13,alert
0.299,0.257,6.4,0.56,0.49,alert
0.434,0.475,5.0,0.34,0.0,alert
0.215,0.674,19.1,4.27,4.21,unconscious
0.278,0.399,0.8,0.26,0.48,alert
0.257,0.233,3.5,0.15,1.67,alert
0.133,0.767,37.8,6.45,7.16,unconscious
0.218,0.48,12.7,1.5,2.65,drowsy
0.205,0.426,11.7,0.72,0.47,drowsy
0.178,0.425,31.1,5.9,7.46,unconscious
0.181,0.292,17.7,6.22,0.82,unconscious
0.307,0.521,8.0,0.19,0.5,alert
0.151,0.508,31.2,2.12,3.72,drowsy
0.283,0.351,1.0,0.04,0.0,alert
0.209,0.829,16.5,3.39,2.63,drowsy
0.262,0.4,10.0,0.33,0.44,alert
0.228,0.448,26.3,0.03,2.52,drowsy
0.368,0.185,6.6,0.42,0.0,alert
0.14,0.497,35.4,5.28,5.5,unconscious
0.307,0.193,7.5,0.18,0.0,alert
0.188,0.272,23.4,4.9,10.61,unconscious
0.205,0.481,14.2,1.7,4.81,drowsy
0.221,0.825,22.6,2.43,3.59,drowsy
0.206,0.111,29.0,2.58,3.85,unconscious
0.077,0.637,17.9,6.39,5.76,unconscious
0.167,0.606,25.9,3.24,5.13,unconscious
0.101,0.444,31.3,7.42,12.12,unconscious
0.211,0.579,45.2,3.06,4.12,unconscious
0.265,0.32,0.4,0.28,0.02,alert
0.33,0.276,2.9,0.51,0.83,alert
0.274,0.45,7.5,0.24,0.31,alert
0.292,0.271,9.2,0.0,0.56,alert
0.261,0.672,10.0,2.09,4.9,drowsy
0.073,0.611,16.1,0.0,3.87,drowsy
0.175,0.705,23.4,1.22,1.16,drowsy
0.065,0.33,21.5,4.68,6.23,unconscious
0.119,0.179,33.3,7.82,11.51,unconscious
0.086,0.462,28.2,5.65,1.32,unconscious
0.242,0.359,4.3,0.0,0.55,alert
0.123,0.068,16.9,3.14,8.16,unconscious
0.179,0.601,13.5,1.95,0.87,drowsy
0.144,0.581,24.9,4.41,13.83,unconscious
0.319,0.296,5.9,0.43,1.21,alert
0.287,0.238,7.0,0.36,0.31,alert
0.143,0.535,15.9,2.47,1.8,drowsy
0.271,0.387,16.0,1.12,4.17,drowsy
0.187,1.0,17.3,0.0,2.35,drowsy
0.262,0.318,1.0,0.0,1.01,alert
0.215,0.979,10.0,1.63,0.19,drowsy
0.165,0.422,17.6,5.26,4.35,unconscious
0.174,0.43,10.6,0.86,1.67,drowsy
0.241,0.363,1.7,0.33,0.67,alert
0.241,0.235,3.6,0.58,0.38,alert
0.089,0.29,19.6,3.93,5.91,unconscious
0.172,0.281,3.9,0.28,0.0,alert
0.169,0.553,24.2,4.43,7.44,unconscious
0.238,0.87,11.6,6.46,1.14,drowsy
0.176,0.695,7.8,1.93,3.2,drowsy
0.153,0.448,29.3,5.43,12.85,unconscious
0.202,0.627,11.4,2.52,1.5,drowsy
0.202,0.713,13.9,0.82,1.32,drowsy
0.158,0.605,4.3,1.4,2.52,drowsy
0.124,0.453,37.1,7.69,0.81,unconscious
0.244,0.541,18.4,2.78,1.2,drowsy
0.164,0.582,7.5,1.5,5.09,drowsy
0.238,0.912,10.5,2.32,3.89,drowsy
0.199,0.467,8.0,1.2,2.39,drowsy
0.226,0.406,14.0,1.15,5.57,drowsy
0.153,0.624,9.9,2.4,7.09,alert
0.27,0.672,6.1,1.37,3.31,drowsy
0.296,0.728,15.1,1.77,2.65,drowsy
0.253,0.006,4.8,0.0,0.46,alert
0.132,0.357,14.1,7.42,10.63,unconscious
0.103,0.527,19.8,4.9,6.35,unconscious
0.338,0.309,4.2,0.31,0.38,alert
0.14,0.9,15.0,2.38,3.49,drowsy
0.319,0.263,5.6,0.08,0.38,alert
0.107,0.368,28.6,3.27,12.26,unconscious
0.102,0.368,26.2,7.01,7.51,unconscious
0.24,0.352,7.0,0.52,0.0,alert
0.252,0.716,10.8,1.92,1.92,drowsy
0.249,0.212,8.7,0.24,0.61,alert
0.204,0.8,9.4,2.34,4.86,drowsy
0.152,0.595,25.2,0.54,9.79,unconscious
0.247,0.448,1.0,0.04,0.47,alert
0.341,0.823,13.7,6.12,6.38,drowsy
0.263,0.01,2.3,0.46,0.11,alert
0.126,0.264,20.6,1.99,6.05,unconscious
0.111,0.134,30.1,4.32,6.75,unconscious
0.264,0.267,3.7,0.16,0.0,alert
0.159,0.196,23.9,7.11,8.44,unconscious
0.339,0.268,0.7,0.0,1.34,alert
0.123,0.708,12.0,2.18,1.61,drowsy
0.12,0.522,21.0,5.3,1.41,unconscious
0.216,0.55,15.1,1.23,2.86,drowsy
0.181,0.0,12.8,5.7,7.99,unconscious
0.254,0.7,14.0,2.06,2.39,drowsy
0.301,0.234,6.1,0.45,0.0,alert
0.24,0.041,5.8,0.15,0.86,alert
0.146,0.427,15.4,0.28,8.4,unconscious
0.177,0.639,4.1,2.0,5.97,drowsy
0.263,0.29,7.9,0.55,0.96,alert
0.18,0.379,14.6,5.19,8.43,unconscious
0.445,0.261,16.7,5.45,8.76,unconscious
0.114,0.289,24.9,5.8,6.7,unconscious
0.255,0.085,9.3,0.11,0.8,alert
0.129,0.637,12.6,0.0,4.23,drowsy
0.241,1.0,7.4,0.29,3.49,drowsy
0.106,0.781,11.7,2.68,2.85,drowsy
0.2,0.328,12.8,3.82,3.18,unconscious
0.153,0.353,30.7,3.02,7.5,unconscious
0.313,0.36,1.3,0.34,0.95,alert
0.154,0.52,9.5,2.07,1.79,drowsy
0.118,0.598,24.4,7.47,2.85,unconscious
0.249,0.795,13.4,3.64,5.7,drowsy
0.193,0.761,3.4,4.44,3.23,drowsy
0.277,0.332,3.6,0.25,0.0,alert
0.129,1.0,27.1,5.52,13.47,unconscious
0.237,0.321,4.9,0.2,0.42,alert
0.259,0.897,31.7,7.7,2.31,unconscious
0.254,0.283,1.7,0.05,0.39,alert
0.342,0.396,3.3,0.33,0.31,alert
0.269,0.302,3.9,0.34,0.0,alert
0.285,0.374,2.6,0.2,0.83,alert
0.272,0.347,7.7,0.2,0.27,alert
0.184,0.403,23.1,9.22,5.42,unconscious
0.193,0.595,8.4,0.3,3.6,drowsy
0.219,0.338,5.3,0.36,0.13,alert
0.176,0.533,2.3,2.69,3.1,drowsy
0.331,0.337,6.0,0.0,0.31,alert
0.416,0.239,12.4,4.35,9.0,alert
0.279,0.431,4.9,0.0,0.2,alert
0.403,0.211,1.0,0.55,0.0,alert
0.112,0.23,28.9,7.54,5.64,unconscious
0.101,0.433,22.5,2.73,6.8,unconscious
0.289,0.138,9.4,0.0,0.0,alert
0.287,0.313,5.7,0.02,0.66,alert
0.05,0.362,25.1,3.47,8.5,unconscious
0.268,0.417,7.6,0.26,0.72,alert
0.131,0.53,10.0,0.27,0.72,drowsy
0.162,0.533,15.0,1.43,1.94,drowsy
0.279,0.54,4.3,0.14,0.38,alert
0.184,0.606,7.6,1.93,2.42,drowsy
0.101,0.275,24.9,5.53,5.08,unconscious
0.156,0.384,24.9,5.08,13.13,unconscious
0.165,0.909,21.3,3.13,10.55,unconscious
0.302,0.501,7.4,0.78,1.34,alert
0.311,0.6,24.3,2.07,2.62,drowsy
0.216,0.617,14.4,1.77,0.44,drowsy
0.072,0.916,10.8,0.81,11.4,unconscious
0.201,0.475,12.4,2.53,3.95,drowsy
0.096,0.565,23.7,3.2,7.77,unconscious
0.099,0.673,6.0,2.01,1.71,drowsy
0.05,0.272,8.9,7.42,5.76,unconscious
0.356,0.512,8.1,0.76,3.86,drowsy
0.247,0.428,18.8,2.06,2.23,drowsy
0.107,0.402,19.2,6.25,9.84,unconscious
0.181,0.724,11.9,1.25,3.16,drowsy
0.179,0.621,16.9,2.73,3.86,drowsy
0.275,0.372,3.2,0.11,0.0,alert
0.136,0.306,25.2,3.9,10.9,unconscious
0.169,0.233,19.4,5.72,8.89,unconscious
0.291,0.186,6.4,0.57,0.0,alert
0.079,0.597,36.1,6.22,7.91,unconscious
0.185,0.471,19.8,0.0,3.4,drowsy
0.342,0.306,6.7,0.45,0.63,alert
0.215,0.341,4.5,0.41,1.09,alert
0.29,0.3,6.3,0.13,0.6,alert
0.179,0.339,31.5,5.04,8.27,unconscious
0.171,0.469,11.6,0.94,2.31,drowsy
0.12,0.203,19.3,6.71,5.27,unconscious
0.328,0.507,5.3,0.12,0.72,alert
0.258,0.239,2.2,0.29,0.26,alert
0.287,0.69,12.8,1.59,4.2,drowsy
0.106,0.501,37.7,7.94,9.79,unconscious
0.284,0.229,6.0,0.0,0.0,alert
0.132,0.533,26.7,5.14,14.62,unconscious
0.232,0.624,14.4,1.62,1.79,drowsy
0.282,0.307,3.7,0.0,1.05,alert
0.237,0.263,1.6,0.47,1.02,alert
0.269,0.42,8.2,0.17,0.66,alert
0.14,0.407,37.1,4.75,6.67,unconscious
0.205,0.618,15.4,2.01,4.17,drowsy
0.166,0.687,30.5,3.59,6.98,unconscious
0.181,0.577,4.1,1.17,3.0,drowsy
0.16,0.535,5.6,7.56,0.15,unconscious
0.23,0.489,4.6,1.93,3.82,drowsy
0.324,0.602,17.7,0.0,3.07,drowsy
0.109,0.888,35.8,1.0,9.58,unconscious
0.13,0.517,26.3,4.37,6.14,unconscious
0.149,0.571,7.8,3.39,1.94,drowsy
0.153,0.254,29.9,5.15,1.95,unconscious
0.309,0.34,7.0,0.0,0.38,alert
0.22,0.809,10.1,0.0,2.49,drowsy
0.144,0.046,32.8,7.88,8.2,unconscious
0.272,0.586,19.5,2.28,1.11,drowsy
0.18,0.774,17.7,3.29,1.91,drowsy
0.304,0.326,4.1,0.0,0.6,alert
0.203,1.0,21.8,1.98,0.78,drowsy
0.178,0.18,35.8,5.07,12.58,unconscious
0.221,0.283,2.5,0.41,0.97,alert
0.252,0.29,6.6,0.0,0.0,alert
0.2,0.721,8.8,8.89,6.32,unconscious
0.208,0.88,1.3,3.45,0.24,drowsy
0.241,0.526,16.3,0.62,0.77,drowsy
0.31,0.425,5.8,0.73,0.78,alert
0.298,0.322,1.7,0.26,0.75,alert
0.285,0.359,0.7,0.08,1.26,alert
0.122,0.498,29.7,4.1,7.95,unconscious
0.13,0.117,44.6,4.93,5.68,unconscious
0.134,0.302,17.0,5.51,8.83,unconscious
0.137,0.867,18.4,1.86,11.67,unconscious
0.297,0.112,6.8,0.38,0.37,alert
0.263,0.273,7.8,0.0,0.83,alert
0.089,0.518,12.7,4.22,4.59,unconscious
0.215,0.798,23.8,2.42,0.82,drowsy
0.193,0.59,19.2,2.31,2.08,drowsy
0.206,0.29,6.2,0.0,0.76,alert
0.198,0.307,2.0,0.27,0.93,alert
0.39,0.505,35.4,5.62,7.08,unconscious
0.347,0.441,4.3,0.15,0.56,alert
0.336,0.364,4.9,0.35,0.98,alert
0.201,1.0,9.2,0.0,1.45,drowsy
0.25,0.385,6.4,0.08,0.14,alert
0.207,0.682,11.8,1.79,3.02,drowsy
0.23,0.159,8.6,0.78,0.75,alert
0.278,0.281,0.5,0.8,0.35,alert
0.23,0.693,13.7,1.47,2.5,drowsy
0.248,0.286,8.4,0.52,0.94,alert
0.197,0.638,17.9,1.95,1.4,drowsy
0.185,0.669,19.4,0.24,0.24,drowsy
0.216,0.796,14.4,2.25,3.62,drowsy
0.069,0.689,33.6,5.56,8.86,unconscious
0.257,0.464,6.9,0.3,0.0,alert
0.215,0.534,18.3,1.95,5.31,drowsy
0.151,0.361,25.9,5.39,10.6,unconscious
0.28,0.583,15.0,7.07,6.68,drowsy
0.149,0.494,17.4,1.95,3.64,drowsy
0.275,0.737,18.3,0.92,4.21,drowsy
0.154,0.165,38.4,7.04,6.32,unconscious
0.234,0.813,8.7,0.89,2.71,drowsy
0.204,0.523,26.8,6.27,6.12,unconscious
0.211,0.415,8.8,1.93,0.81,drowsy
0.05,0.583,22.9,7.22,8.63,unconscious
0.267,0.302,10.4,0.05,0.91,alert
0.111,0.275,22.3,7.81,11.41,unconscious
0.264,0.373,8.1,0.0,1.12,alert
0.256,0.251,2.1,0.56,0.59,alert
0.112,0.372,22.7,7.64,5.16,unconscious
0.326,0.6,1.5,2.04,2.39,drowsy
0.092,0.282,29.3,5.34,7.39,unconscious
0.161,0.228,43.9,3.18,4.87,unconscious
0.278,0.373,0.2,0.29,0.75,alert
0.368,0.239,3.8,0.35,0.65,alert
0.175,0.4,3.1,0.0,0.28,alert
0.3,0.44,3.0,0.0,0.07,alert
0.184,0.96,5.0,1.96,2.81,drowsy
0.086,0.862,4.6,6.96,5.99,alert
0.16,0.453,10.2,0.66,5.25,drowsy
0.159,0.286,24.9,4.69,14.45,unconscious
0.229,0.16,26.9,6.14,7.53,unconscious
0.291,0.264,6.2,6.96,1.1,unconscious
0.243,0.03,10.3,0.02,1.05,alert
0.171,0.463,12.9,7.31,9.0,unconscious
0.293,0.329,4.1,0.3,0.9,alert
0.25,0.771,2.8,2.7,4.05,drowsy
0.233,0.659,12.5,2.98,1.34,drowsy
0.265,0.429,9.6,2.42,4.42,drowsy
0.121,0.58,4.2,1.27,6.04,drowsy
0.154,0.376,28.5,5.63,9.35,unconscious
0.116,0.622,22.4,1.78,14.71,unconscious
0.086,0.257,5.0,5.71,3.62,unconscious
0.319,0.315,7.7,0.62,0.74,alert
0.129,0.0,12.4,5.29,11.85,unconscious
0.139,0.515,12.2,0.96,3.25,drowsy
0.05,0.388,24.9,5.9,3.53,unconscious
0.271,0.339,5.6,0.0,0.8,alert
0.405,0.095,28.4,1.76,3.0,drowsy
0.27,0.254,6.4,0.95,0.1,alert
0.271,0.927,12.7,1.94,3.71,drowsy
0.299,0.344,4.9,0.89,0.77,alert
0.146,0.776,15.9,2.37,1.27,drowsy
0.196,0.425,21.7,1.21,3.46,drowsy
0.138,0.335,26.3,8.36,9.74,unconscious
0.113,0.217,37.5,3.56,8.13,unconscious
0.192,0.699,6.9,2.94,3.25,drowsy
0.321,0.273,10.5,0.0,0.65,alert
0.291,0.773,0.6,1.72,4.16,drowsy
0.115,0.135,27.9,4.77,10.29,unconscious
0.141,0.773,23.9,6.44,9.62,unconscious
0.233,0.527,7.1,2.98,4.12,drowsy
0.247,0.618,15.5,3.08,2.77,drowsy
0.261,0.216,11.3,0.0,0.66,alert
0.13,0.467,23.9,3.75,4.75,unconscious
0.161,0.674,8.3,1.66,3.61,drowsy
0.232,0.594,14.3,6.1,1.36,unconscious
0.306,0.191,6.6,0.24,0.57,alert
0.272,0.315,7.2,0.32,1.31,alert
0.218,0.649,12.4,1.68,5.27,drowsy
0.173,0.588,25.2,3.68,6.98,unconscious
0.192,0.635,10.7,1.54,1.32,drowsy
0.27,0.264,4.3,0.33,1.13,alert
0.201,0.49,31.7,11.19,4.49,unconscious
0.129,0.556,17.8,2.58,0.34,drowsy
0.179,0.771,14.3,0.78,6.26,drowsy
0.15,0.856,3.3,0.47,2.38,drowsy
0.095,0.176,20.6,9.1,12.07,unconscious
0.338,0.461,10.2,0.0,0.83,alert
0.072,0.473,13.8,3.83,10.22,unconscious
0.062,0.095,14.5,4.51,6.92,unconscious
0.214,0.833,8.1,1.27,2.79,drowsy
0.249,0.86,10.9,2.96,2.5,drowsy
0.233,0.649,20.3,1.12,3.74,drowsy
0.152,0.297,23.2,9.88,1.79,unconscious
0.284,0.198,4.3,0.58,0.67,alert
0.3,0.56,2.9,0.03,0.65,alert
0.171,0.518,18.9,6.53,10.39,unconscious
0.22,0.661,23.8,4.67,10.99,unconscious
0.301,0.28,9.4,0.24,0.31,alert
0.174,0.34,35.3,5.33,10.91,unconscious
0.191,0.669,5.8,1.14,0.21,drowsy
0.095,0.076,31.5,5.91,7.37,unconscious
0.245,0.566,22.5,5.05,10.96,unconscious
0.296,0.298,6.7,0.0,0.0,alert
0.236,0.811,16.5,0.0,0.75,drowsy
0.162,0.883,0.5,2.5,3.37,alert
0.148,0.749,17.5,1.94,9.59,unconscious
0.202,0.511,29.1,5.86,11.52,unconscious
0.326,0.253,4.3,0.45,0.62,alert
0.129,0.344,33.6,3.46,8.56,unconscious
0.137,0.291,20.0,5.12,11.37,unconscious
0.14,0.568,23.6,5.66,4.18,unconscious
0.174,0.569,26.1,8.51,8.3,unconscious
0.4,0.019,16.6,2.13,1.99,unconscious
0.27,0.658,13.4,0.81,0.49,drowsy
0.171,0.077,24.1,8.57,9.25,unconscious
0.185,0.82,21.5,3.55,1.12,drowsy
0.16,0.531,19.7,1.91,11.74,unconscious
0.137,0.451,26.3,3.28,6.92,unconscious
0.316,0.392,6.3,0.7,0.0,alert
0.231,0.37,0.6,0.12,0.5,alert
0.315,0.426,0.8,0.0,0.5,alert
0.086,0.46,31.6,5.6,7.68,unconscious
0.15,0.476,30.0,3.51,4.64,unconscious
0.146,0.377,37.0,3.02,11.78,unconscious
0.149,0.544,37.9,4.05,13.54,unconscious
0.193,0.671,12.1,1.95,3.05,drowsy
0.257,0.225,8.1,0.24,0.79,alert
0.18,0.611,10.2,2.39,1.17,drowsy
0.332,0.438,5.2,0.0,1.32,alert
0.251,0.239,4.2,0.0,0.49,alert
0.225,0.536,15.5,2.95,1.96,drowsy
0.143,0.584,34.3,9.69,11.08,unconscious
0.241,0.672,10.8,3.09,4.79,drowsy
0.165,0.381,19.7,4.66,7.21,unconscious
0.145,0.778,23.3,4.38,9.82,unconscious
0.197,0.287,3.9,0.33,0.98,alert
0.245,0.598,8.4,1.61,3.19,drowsy
0.32,0.416,4.6,0.21,0.65,alert
0.227,0.292,3.1,0.1,0.65,alert
0.328,0.219,4.4,0.14,0.98,alert
0.081,0.242,22.1,7.44,5.74,drowsy
0.109,0.358,26.4,3.23,6.51,unconscious
0.182,0.623,17.4,6.57,6.95,unconscious
0.156,0.33,2.7,3.73,7.63,unconscious
0.32,0.183,1.3,0.19,0.39,alert
0.235,0.245,9.4,0.49,0.84,alert
0.305,0.36,7.5,0.45,0.3,alert
0.106,0.318,22.9,5.5,7.26,unconscious
0.196,0.62,12.4,0.64,2.11,drowsy
0.191,0.452,15.6,0.43,2.53,drowsy
0.156,0.404,11.7,3.1,4.44,unconscious
0.256,0.299,4.5,0.31,0.87,alert
0.258,0.399,2.0,0.0,0.0,alert
0.205,0.86,18.0,0.0,4.87,drowsy
0.147,0.387,10.8,3.84,2.97,drowsy
0.297,0.252,3.1,0.43,0.0,alert
0.114,0.628,25.8,3.45,7.46,unconscious
0.189,0.483,15.9,1.77,4.15,drowsy
0.095,0.338,28.9,5.91,10.85,unconscious
0.294,0.308,2.5,0.0,1.1,alert
0.299,0.202,0.7,0.0,1.67,alert
0.271,0.335,7.5,0.37,0.54,alert
0.248,0.503,16.7,2.05,2.67,drowsy
0.13,0.401,34.4,5.76,11.69,unconscious
0.34,0.373,4.6,0.37,0.39,alert
0.232,0.647,13.6,3.32,1.53,drowsy
0.151,0.473,13.4,4.41,14.13,unconscious
0.18,0.731,11.4,1.82,3.58,drowsy
0.276,0.242,7.6,0.25,0.21,alert
0.169,0.597,4.4,2.75,0.26,drowsy
0.129,0.154,35.2,7.15,9.29,unconscious
0.277,0.24,2.2,0.03,0.66,alert
0.299,0.83,17.5,0.15,3.43,drowsy
0.214,0.26,8.2,0.28,0.0,alert
0.143,0.652,17.2,6.08,10.15,unconscious
0.166,0.568,17.4,2.58,3.63,drowsy
0.282,0.387,5.1,0.11,1.28,alert
0.191,0.848,16.0,1.08,3.4,drowsy
0.24,0.306,5.0,0.53,0.12,alert
0.221,0.524,12.8,1.88,3.58,drowsy
0.112,0.469,22.6,2.79,3.81,drowsy
0.314,0.707,6.5,3.07,2.89,drowsy
0.182,0.567,7.8,3.47,2.41,drowsy
0.261,0.377,7.6,0.3,0.87,alert
0.276,0.14,3.1,0.45,0.69,alert
0.374,0.77,38.8,7.97,2.41,alert
0.187,0.528,25.4,4.76,10.3,unconscious
0.077,0.114,16.3,4.18,11.63,unconscious
0.3,0.611,13.8,2.92,2.43,drowsy
0.214,0.542,18.4,1.68,4.57,drowsy
0.14,0.647,21.8,3.32,9.88,unconscious
0.158,0.239,27.3,6.4,6.27,unconscious
0.069,0.616,23.9,3.54,4.76,unconscious
0.302,0.308,3.5,0.34,1.88,alert
0.111,0.238,36.4,8.89,5.87,unconscious
0.315,0.261,3.6,0.57,0.4,alert
0.271,0.867,0.9,0.81,3.47,drowsy
0.098,0.565,15.5,3.17,5.38,unconscious
0.335,0.39,13.5,4.19,8.7,drowsy
0.288,0.116,29.2,1.42,9.98,alert
0.179,1.0,13.1,3.28,4.38,drowsy
0.249,0.279,9.3,0.0,0.82,alert
0.318,0.49,5.6,0.0,0.75,alert
0.157,0.251,26.9,4.96,10.83,unconscious
0.119,0.762,9.6,0.75,4.05,drowsy
0.314,0.463,7.1,0.48,0.46,alert
0.238,0.302,2.9,0.08,1.25,alert
0.248,0.85,7.7,1.63,2.98,drowsy
0.24,0.786,14.9,2.61,2.4,drowsy
0.43,0.426,7.5,4.11,0.34,alert
0.157,0.67,8.7,2.58,3.45,drowsy
0.289,0.523,6.1,0.27,1.16,alert
0.323,0.256,7.3,0.0,0.22,alert
0.3,0.232,2.2,0.0,0.91,alert
0.273,0.862,21.9,1.28,0.11,drowsy
0.245,0.625,7.3,1.63,3.55,drowsy
0.166,0.732,35.6,5.49,7.78,unconscious
0.093,0.685,36.0,5.8,9.48,unconscious
0.262,0.817,11.9,3.95,4.1,drowsy
0.171,0.425,32.7,5.27,2.52,unconscious
0.273,0.586,9.3,3.3,2.64,drowsy
0.311,0.203,5.8,0.61,0.0,alert
0.202,0.167,6.4,0.65,0.6,alert
0.23,0.434,5.4,2.49,4.54,drowsy
0.23,0.209,6.4,0.86,0.89,alert
0.183,0.596,8.3,0.74,5.52,drowsy
0.268,0.339,5.4,0.0,0.34,alert
0.256,0.274,7.4,0.0,0.93,alert
0.15,0.354,8.7,0.0,0.88,alert
0.144,0.343,26.2,5.73,9.73,unconscious
0.269,0.52,11.2,2.2,4.23,drowsy
0.151,0.616,10.8,1.29,2.63,drowsy
0.241,0.655,13.8,0.13,4.03,drowsy
0.24,0.803,11.8,0.0,4.05,drowsy
0.14,0.249,19.9,3.97,10.41,unconscious
0.309,0.419,5.9,0.0,0.83,alert
0.119,0.45,29.8,6.99,6.45,unconscious
0.254,0.319,11.0,0.23,0.0,alert
0.283,0.298,9.1,0.08,0.0,alert
0.227,0.501,0.5,0.18,0.66,alert
0.113,0.058,15.0,5.04,7.6,unconscious
0.127,0.396,27.4,7.55,11.77,unconscious
0.282,0.27,7.6,0.31,1.58,alert
0.172,0.626,17.4,1.05,3.41,drowsy
0.231,0.182,6.0,0.38,0.0,alert
0.183,0.452,12.1,2.21,2.16,drowsy
0.17,0.464,13.1,2.04,4.62,drowsy
0.181,0.524,10.2,2.14,4.09,drowsy
0.235,0.685,11.4,1.12,4.53,drowsy
0.123,0.252,10.7,6.5,9.34,unconscious
0.067,0.164,25.6,3.29,5.4,unconscious
0.281,0.283,4.5,0.18,0.0,alert
0.174,0.374,31.3,3.0,13.76,unconscious
0.324,0.934,15.4,2.27,3.99,drowsy
0.153,0.415,10.0,1.04,4.79,drowsy
0.313,0.217,2.6,0.57,0.27,alert
0.138,0.402,26.1,5.15,5.98,unconscious
0.267,0.305,1.6,0.33,0.61,alert
0.287,0.254,3.8,0.25,0.88,alert
0.079,0.066,25.7,0.56,0.0,unconscious
0.198,0.375,6.8,0.06,0.84,alert
0.233,0.87,8.8,4.01,3.5,drowsy
0.177,0.559,1.2,1.82,0.58,drowsy
0.117,0.458,16.4,2.24,8.12,unconscious
0.3,0.451,5.3,0.0,0.29,alert
0.261,0.351,2.5,0.0,0.83,alert
0.136,0.695,16.8,0.77,1.03,drowsy
0.26,0.391,2.9,0.39,0.0,alert
0.083,0.724,8.1,0.96,4.09,drowsy
0.112,0.651,29.1,6.58,5.55,unconscious
0.212,0.761,13.5,1.42,12.61,unconscious
0.25,0.322,3.4,0.0,0.48,alert
0.081,0.671,22.6,5.78,9.1,unconscious
0.193,0.613,8.2,3.54,3.81,drowsy
0.199,0.468,5.0,0.5,1.22,alert
0.122,0.384,21.9,0.89,12.39,unconscious
0.218,0.341,5.7,0.16,0.79,alert
0.194,0.73,9.9,0.59,1.97,drowsy
0.09,0.419,21.1,3.27,3.68,unconscious
0.195,0.516,6.0,0.26,0.17,alert
0.258,0.47,2.8,0.05,0.01,alert
0.127,0.331,30.7,2.99,4.61,unconscious
0.193,0.449,7.4,2.54,2.04,drowsy
0.148,0.519,40.7,7.69,5.17,unconscious
0.186,0.422,21.8,3.01,4.83,unconscious
0.208,0.784,12.1,2.68,2.27,drowsy
0.322,0.278,8.4,0.33,0.55,alert
0.234,0.644,8.3,2.99,4.34,drowsy
0.208,0.427,20.8,4.96,7.89,unconscious
0.098,0.66,15.0,0.87,4.83,drowsy
0.254,0.558,7.7,0.77,0.75,alert
0.247,0.328,4.8,0.38,0.42,alert
0.25,0.35,1.5,0.25,0.0,alert
0.339,0.12,6.9,0.1,0.52,alert
0.183,0.338,18.6,3.99,0.0,drowsy
0.126,0.595,14.4,3.73,2.81,drowsy
0.23,0.232,1.1,0.3,1.14,alert
0.259,0.558,11.4,4.79,2.9,drowsy
0.287,0.245,2.1,0.0,0.33,alert
0.261,0.008,3.6,0.38,0.6,alert
0.164,0.49,16.0,6.35,9.6,unconscious
0.165,0.595,17.6,1.38,4.46,drowsy
0.265,0.819,34.3,6.4,8.88,drowsy
0.254,0.397,3.2,0.16,0.22,alert
0.085,0.391,29.2,4.05,4.19,unconscious
0.189,0.628,13.5,2.8,0.71,drowsy
0.149,0.331,31.2,3.09,6.81,unconscious
0.255,0.181,1.7,0.59,0.77,alert
0.124,0.302,19.2,5.37,15.31,unconscious
0.22,0.499,11.8,0.81,4.13,drowsy
0.214,0.659,15.8,2.94,2.54,drowsy
0.207,0.608,16.3,2.74,2.35,drowsy
0.185,0.436,28.1,5.47,6.54,unconscious
0.174,0.32,41.9,8.56,10.1,unconscious
0.208,0.722,18.6,0.04,4.59,drowsy
0.149,0.479,31.3,6.65,6.49,unconscious
0.176,0.467,28.0,7.3,12.38,unconscious
0.16,0.792,20.2,1.65,3.99,drowsy
0.113,0.25,27.5,2.29,12.54,unconscious
0.24,0.311,9.9,0.31,0.12,alert
0.19,0.352,23.5,5.24,9.75,unconscious
0.278,0.268,6.7,0.15,0.74,alert
0.34,0.25,1.3,0.38,1.33,alert
0.133,0.517,28.6,7.76,8.8,unconscious
0.189,0.593,11.2,2.06,3.95,drowsy
0.207,0.687,22.2,0.0,3.28,drowsy
0.307,0.48,8.8,1.5,5.51,drowsy
0.352,0.125,7.0,0.14,0.0,alert
0.151,0.011,26.9,5.37,8.33,unconscious
0.258,0.555,15.3,2.54,3.03,drowsy
0.157,0.491,22.3,6.06,5.17,unconscious
0.12,0.46,28.0,0.8,9.81,unconscious
0.162,0.205,29.1,3.4,7.27,unconscious
0.189,0.858,11.6,2.92,1.75,drowsy
0.212,0.725,8.1,2.06,4.03,drowsy
0.328,0.392,5.7,0.0,0.57,alert
0.26,0.333,7.2,0.08,1.33,alert
0.145,0.613,14.8,5.08,8.85,unconscious
0.271,0.201,1.6,0.0,0.26,alert
0.194,0.206,24.6,6.48,5.57,unconscious
0.153,0.889,29.6,4.9,7.28,unconscious
0.282,0.345,7.3,0.1,0.96,alert
0.185,0.568,7.6,0.2,2.99,drowsy
0.269,0.407,5.2,0.21,0.48,alert
0.247,0.677,13.2,0.92,3.68,drowsy
0.289,0.278,7.2,0.18,2.23,drowsy
0.2,0.623,18.7,1.79,2.15,drowsy
0.125,0.206,29.0,5.41,8.5,unconscious
0.08,0.381,23.7,7.62,9.65,unconscious
0.186,0.806,7.1,0.84,5.77,drowsy
0.31,0.468,2.9,0.38,0.6,alert
0.16,0.647,18.8,5.07,5.49,unconscious
0.318,0.139,6.5,0.74,0.57,alert
0.15,0.228,29.2,3.35,5.63,unconscious
0.264,0.588,9.2,2.59,0.77,drowsy
0.27,0.734,13.4,1.15,2.31,drowsy
0.119,0.406,13.8,5.09,7.95,unconscious
0.412,0.159,38.5,2.55,3.91,alert
0.101,0.0,28.2,6.65,3.66,unconscious
0.305,0.606,7.6,0.93,1.39,drowsy
0.183,0.785,15.9,0.49,3.12,drowsy
0.167,0.452,15.0,2.44,2.22,drowsy
0.136,0.291,41.1,6.64,9.4,unconscious
0.185,0.58,30.6,5.86,2.21,unconscious
0.125,0.833,9.9,1.62,3.44,drowsy
0.1,0.634,23.2,4.3,10.32,unconscious
0.324,0.287,9.0,0.0,0.76,alert
0.202,0.547,9.4,3.07,4.23,drowsy
0.129,0.0,24.9,3.59,11.95,unconscious
0.137,0.117,19.2,8.35,11.48,unconscious
0.199,0.515,19.5,0.95,0.39,drowsy
0.246,0.318,9.3,0.04,0.27,alert
0.202,0.813,12.8,0.3,4.52,drowsy
0.131,0.733,7.8,1.57,2.88,drowsy
0.247,0.871,16.4,2.01,5.09,drowsy
0.188,0.863,11.3,7.32,4.63,drowsy
0.355,0.205,4.4,0.0,0.37,alert
0.152,0.202,37.8,5.16,7.89,unconscious
0.094,0.643,24.7,6.39,8.76,alert
0.209,0.574,15.6,0.0,1.98,drowsy
0.167,0.535,7.7,5.26,11.49,unconscious
0.18,0.762,16.8,2.68,2.74,drowsy
0.188,0.424,6.4,1.86,4.61,drowsy
0.225,0.784,7.4,1.86,3.27,drowsy
0.185,0.663,13.5,2.19,2.72,drowsy
0.121,0.334,16.8,6.53,10.67,unconscious
0.315,0.058,2.2,0.0,0.05,alert
0.143,0.666,37.3,4.65,9.43,unconscious
0.183,0.395,2.5,0.63,0.56,alert
0.262,0.302,8.6,0.3,0.71,alert
0.263,0.58,6.1,1.96,2.94,drowsy
0.079,0.502,13.0,4.16,3.98,unconscious
0.29,0.409,0.1,0.1,0.99,alert
0.29,0.462,13.2,1.57,1.21,drowsy
0.147,0.327,28.9,5.17,5.6,unconscious
0.084,0.121,31.7,5.68,6.48,unconscious
0.145,0.246,31.9,1.99,9.12,unconscious
0.183,0.795,12.4,0.73,0.11,drowsy
0.278,0.281,6.6,0.0,1.03,alert
0.209,0.332,7.7,0.0,0.84,alert
0.191,0.393,20.7,0.92,2.77,unconscious
0.139,0.555,25.8,0.0,10.99,unconscious
0.31,0.485,2.4,0.0,0.05,alert
0.161,0.623,19.0,1.49,4.73,drowsy
0.177,0.269,16.6,5.01,14.79,unconscious
0.196,0.559,6.7,2.85,2.94,drowsy
0.278,0.413,4.4,0.12,0.31,alert
0.153,0.403,36.7,5.08,2.36,unconscious
0.129,0.733,9.0,1.52,5.84,drowsy
0.207,0.448,8.1,1.96,3.17,drowsy
0.289,0.586,9.5,2.04,3.55,drowsy
0.178,0.515,15.6,3.85,9.51,unconscious
0.227,0.726,4.4,1.78,4.24,drowsy
0.232,0.496,6.7,0.81,1.61,drowsy
0.158,0.665,24.8,5.67,14.7,unconscious
0.296,0.144,7.8,0.0,0.47,alert
0.155,0.307,27.8,1.99,5.43,unconscious
0.232,0.614,16.2,3.64,4.55,unconscious
0.144,0.323,29.0,4.67,6.53,unconscious
0.294,0.295,7.9,0.0,0.79,alert
0.18,0.867,16.3,1.17,3.03,drowsy
0.237,0.634,3.0,1.31,1.35,drowsy
0.141,0.354,15.2,3.75,7.22,unconscious
0.228,0.803,14.0,0.62,1.31,drowsy
0.225,0.359,6.0,0.09,0.0,alert
0.178,0.398,26.4,4.14,6.26,unconscious
0.258,0.337,2.8,0.0,1.3,alert
0.268,0.59,13.4,2.41,4.58,drowsy
0.212,0.6,10.4,0.48,3.41,drowsy
0.133,0.79,30.5,3.61,10.82,unconscious
0.211,0.651,30.4,4.69,4.63,unconscious
0.217,0.493,13.9,2.21,2.31,drowsy
0.356,0.356,1.2,0.25,0.38,alert
0.258,0.047,4.7,0.49,0.28,alert
0.229,0.283,6.4,0.36,0.75,alert
0.101,0.267,34.2,5.52,11.17,unconscious
0.13,0.079,36.0,7.05,9.43,unconscious
0.242,0.263,10.2,0.0,0.64,alert
0.079,0.282,8.3,7.77,0.19,unconscious
0.263,0.12,4.7,0.0,0.37,alert
0.347,0.147,5.1,0.0,0.94,alert
0.303,0.2,0.9,0.41,0.45,alert
0.244,0.419,7.4,0.02,0.43,alert
0.261,0.32,2.7,0.6,0.0,alert
0.253,0.563,17.2,1.44,2.27,drowsy
0.3,0.694,6.8,1.81,2.92,drowsy
0.18,0.486,21.5,1.99,6.48,unconscious
0.122,0.434,24.3,5.1,11.96,unconscious
0.14,0.626,4.7,1.7,1.27,drowsy
0.178,0.654,13.6,0.89,2.19,drowsy
0.262,0.315,3.1,0.33,0.0,alert
0.267,0.271,3.6,0.42,0.52,alert
0.237,0.387,4.9,0.57,0.98,alert
0.276,0.737,20.4,1.49,0.0,drowsy
0.191,0.584,24.8,5.12,9.67,unconscious
0.196,0.826,12.1,2.68,3.86,drowsy
0.111,0.748,24.1,4.52,1.49,unconscious
0.071,0.274,22.3,0.61,5.36,unconscious
0.272,0.33,3.3,0.64,0.47,alert
0.296,0.385,0.8,0.0,0.68,alert
0.205,0.659,37.5,4.99,10.07,unconscious
0.216,0.255,35.4,3.91,12.43,unconscious
0.341,0.358,0.9,0.0,0.09,alert
0.151,0.017,19.7,7.69,8.41,unconscious
0.15,0.125,31.3,4.34,7.0,unconscious
0.228,0.943,7.3,1.94,3.5,drowsy
0.277,0.755,11.8,2.6,3.4,drowsy
0.274,0.266,6.7,0.0,0.18,alert
0.137,0.257,30.5,3.04,4.11,unconscious
0.115,0.366,30.7,8.77,10.23,unconscious
0.177,0.292,22.4,8.09,14.53,unconscious
0.154,0.233,33.2,8.11,6.09,unconscious
0.148,0.667,14.0,1.66,4.04,drowsy
0.157,0.84,13.0,2.85,2.82,drowsy
0.332,0.779,30.8,7.98,0.71,drowsy
0.291,0.846,9.5,3.17,2.24,drowsy
0.109,0.247,27.4,4.55,5.82,unconscious
0.142,0.339,11.5,4.56,13.6,unconscious
0.15,0.064,18.8,2.47,8.58,unconscious
0.287,0.141,5.6,0.0,0.0,alert
0.137,0.205,14.5,7.53,11.26,unconscious
0.224,0.462,2.0,0.18,0.91,alert
0.106,0.33,25.1,3.67,4.65,unconscious
0.306,0.181,3.6,0.38,0.63,alert
0.201,0.567,3.0,2.41,4.3,drowsy
0.211,0.767,8.3,2.7,5.23,drowsy
0.309,0.242,4.5,0.17,0.22,alert
0.201,0.71,4.4,2.33,3.83,drowsy
0.314,0.75,12.0,1.24,3.59,drowsy
0.149,0.714,30.8,4.47,5.29,unconscious
0.254,0.158,3.8,0.66,0.71,alert
0.122,0.155,34.4,3.19,11.5,unconscious
0.167,0.517,15.7,1.26,3.35,drowsy
0.208,0.532,35.1,5.34,8.97,unconscious
0.124,0.0,17.8,5.81,3.7,unconscious
0.107,0.399,38.4,2.32,8.37,unconscious
0.136,0.516,34.8,1.99,7.54,unconscious
0.188,0.672,7.8,0.62,0.87,drowsy
0.296,0.552,25.6,2.82,1.16,drowsy
0.35,0.452,0.3,0.15,1.05,alert
0.164,0.715,7.1,3.99,3.61,drowsy
0.267,0.388,5.8,0.56,0.61,alert
0.176,0.621,22.0,5.89,8.1,unconscious
0.171,0.766,12.1,3.52,5.24,drowsy
0.153,0.211,27.2,5.86,6.57,unconscious
0.143,0.328,32.9,6.41,5.93,unconscious
0.167,0.42,22.1,5.92,10.48,unconscious
0.18,0.177,27.4,6.4,5.15,unconscious
0.138,0.217,20.6,4.25,11.56,unconscious
0.122,0.345,10.4,0.68,3.07,drowsy
0.204,0.417,25.6,4.5,6.54,unconscious
0.073,0.736,28.1,4.54,3.77,unconscious
0.411,0.487,32.2,5.65,7.96,unconscious
0.138,0.365,23.5,6.35,10.77,unconscious
0.292,0.61,11.9,0.18,0.7,drowsy
0.157,0.564,35.9,5.68,9.3,unconscious
0.281,0.408,3.9,0.0,0.0,alert
0.1,0.547,21.3,8.42,3.85,unconscious
0.295,0.309,1.5,0.0,0.43,alert
0.221,0.838,9.8,3.18,2.1,drowsy
0.156,0.155,10.8,5.4,10.27,unconscious
0.341,0.235,4.1,0.77,0.74,alert
0.293,0.39,5.2,0.0,0.0,alert
0.216,0.473,11.0,0.09,0.08,alert
0.218,0.591,16.8,3.32,2.55,drowsy
0.118,0.025,15.7,0.74,14.83,unconscious
0.191,0.072,8.5,1.2,9.51,unconscious
0.105,0.619,30.2,7.3,5.23,unconscious
0.234,0.859,5.1,1.86,3.34,drowsy
0.122,0.26,30.6,5.56,7.67,unconscious
0.173,0.415,17.4,0.47,6.01,drowsy
0.245,0.298,6.3,0.41,1.05,alert
0.294,0.32,6.1,0.84,0.6,alert
0.245,0.402,7.4,0.15,0.0,alert
0.237,0.643,14.0,1.07,2.73,drowsy
0.169,0.355,9.1,1.53,3.17,drowsy
0.298,0.564,7.6,0.22,0.27,alert
0.153,0.0,12.1,5.69,12.34,unconscious
0.172,0.312,19.6,4.9,9.52,unconscious
0.246,0.351,7.9,0.4,0.61,alert
0.18,0.794,17.0,1.89,3.52,drowsy
0.274,0.392,4.6,0.0,0.48,alert
0.146,0.178,18.2,4.95,10.25,unconscious
0.134,0.999,7.4,1.61,2.57,drowsy
0.345,0.205,20.0,7.68,3.44,drowsy
0.264,0.134,4.1,0.0,0.0,alert
0.213,0.478,14.6,1.68,2.2,drowsy
0.16,0.843,9.1,0.08,2.43,drowsy
0.096,0.319,25.8,2.47,13.82,unconscious
0.078,0.752,31.7,1.16,9.33,drowsy
0.35,0.407,8.5,0.18,0.0,alert
0.148,0.115,6.2,7.01,5.19,unconscious
0.207,0.841,2.5,0.0,3.5,drowsy
0.178,0.529,31.5,5.85,3.04,unconscious
0.26,0.343,1.3,0.29,0.39,alert
0.099,0.378,24.4,3.83,6.65,unconscious
0.295,0.312,8.7,0.33,0.37,alert
0.217,0.168,4.1,0.34,0.89,alert
0.175,0.664,20.4,2.65,2.48,drowsy
0.366,0.447,8.4,0.0,1.0,alert
0.283,0.193,8.7,0.52,0.19,alert
0.16,0.721,12.3,1.92,3.38,drowsy
0.155,0.557,17.1,1.18,3.34,drowsy
0.135,0.671,16.5,2.13,4.49,drowsy
0.335,0.103,6.5,0.52,0.0,alert
0.163,0.504,23.9,1.3,13.46,unconscious
0.249,0.663,8.5,2.18,0.2,drowsy
0.224,0.411,8.1,0.0,0.79,alert
0.279,0.432,7.7,0.0,0.03,alert
0.355,0.392,5.3,0.0,0.06,alert
0.157,0.068,28.6,4.67,9.65,unconscious
0.147,0.387,27.6,6.44,11.07,unconscious
0.356,0.664,7.5,1.46,3.4,drowsy
0.288,0.352,3.4,0.21,0.44,alert
0.259,0.21,4.0,0.25,1.24,alert
0.133,0.409,20.0,4.65,7.4,unconscious
0.093,0.42,22.2,7.7,9.52,unconscious
0.449,0.169,3.5,1.12,2.69,unconscious
0.326,0.219,10.3,0.0,0.92,alert
0.219,0.346,1.6,0.8,0.0,alert
0.263,0.22,5.0,0.24,0.68,alert
0.193,0.69,8.0,1.9,0.92,drowsy
0.17,0.583,3.3,0.45,2.68,drowsy
0.247,0.239,6.5,0.0,0.0,alert
0.142,0.376,28.9,5.21,8.5,unconscious
0.259,0.595,20.6,1.25,9.91,alert
0.278,0.144,1.6,0.23,0.0,alert
0.118,0.38,31.3,6.26,7.97,unconscious
0.357,0.704,31.7,6.26,1.04,unconscious
0.313,0.355,5.4,0.41,0.09,alert
0.088,0.635,29.2,3.95,12.95,unconscious
0.255,0.307,5.1,0.3,0.5,alert
0.381,0.785,12.4,3.77,2.34,drowsy
0.117,0.116,23.3,3.39,8.22,unconscious
0.112,0.653,25.9,5.56,10.52,unconscious
0.269,0.201,11.1,0.49,1.41,alert
0.16,0.326,20.1,6.82,14.01,unconscious
0.225,0.794,11.9,2.69,3.29,drowsy
0.23,0.93,15.0,2.08,3.37,drowsy
0.063,0.501,34.8,3.89,10.15,unconscious
0.136,0.244,15.3,3.46,3.34,drowsy
0.15,0.636,16.5,1.27,1.5,drowsy
0.173,0.448,15.2,2.03,1.36,drowsy
0.191,0.794,9.0,1.69,2.35,drowsy
0.192,0.754,20.6,1.77,4.46,drowsy
0.212,0.647,13.8,0.0,3.71,drowsy
0.196,0.726,3.6,1.16,2.78,drowsy
0.183,0.34,18.8,2.84,13.06,unconscious
0.341,0.665,11.9,0.94,8.31,drowsy
0.24,0.395,9.7,0.51,0.79,alert
0.117,0.28,11.1,4.93,11.05,unconscious
0.182,0.919,12.4,1.03,3.56,drowsy
0.215,0.496,15.1,0.32,3.61,drowsy
0.224,0.4,4.4,0.0,0.55,alert
0.108,0.229,36.3,5.28,8.45,unconscious
0.232,0.695,11.6,1.53,4.83,drowsy
0.148,0.282,27.6,5.86,7.86,unconscious
0.184,0.521,14.0,3.14,1.53,drowsy
0.113,0.234,33.2,3.85,9.51,unconscious
0.239,0.208,1.8,0.55,0.35,alert
0.099,0.515,18.3,6.55,7.82,unconscious
0.129,0.513,15.7,3.16,3.99,unconscious
0.097,0.415,24.7,3.83,7.15,unconscious
0.155,0.645,14.3,2.63,3.14,drowsy
0.348,0.581,34.4,5.74,2.82,drowsy
0.268,0.494,9.3,0.11,0.4,alert
0.17,0.923,10.3,0.63,4.96,drowsy
0.304,0.224,5.8,0.0,0.85,alert
0.12,0.282,25.7,2.89,5.58,unconscious
0.14,0.272,37.7,3.51,8.93,unconscious
0.256,0.603,11.9,0.0,4.34,drowsy
0.219,0.537,7.3,3.42,1.74,drowsy
0.148,0.65,9.8,2.28,1.37,drowsy
0.321,0.471,7.6,0.0,0.85,alert
0.224,0.186,4.2,0.09,0.6,alert
0.211,0.474,7.5,0.02,0.46,alert
0.198,0.814,15.7,1.74,3.22,drowsy
0.304,0.645,16.5,1.42,0.0,drowsy
0.208,0.785,8.2,2.46,5.14,drowsy
0.166,0.257,19.9,4.08,6.41,unconscious
0.253,0.28,6.1,0.29,0.03,alert
0.164,0.647,10.6,2.48,2.87,drowsy
0.084,0.272,18.1,0.0,8.98,unconscious
0.14,0.525,29.3,3.29,7.03,unconscious
0.129,0.256,15.9,2.47,4.53,unconscious
0.218,0.716,15.8,3.7,3.26,drowsy
0.173,0.819,5.0,0.4,3.92,drowsy
0.249,0.643,18.1,1.63,3.03,drowsy
0.341,0.215,6.4,0.01,0.23,alert
0.193,0.579,11.5,3.88,5.12,drowsy
0.251,0.401,3.2,0.0,0.39,alert
0.188,0.575,20.2,1.66,1.87,drowsy
0.294,0.521,15.9,2.36,4.59,drowsy
0.149,0.298,26.4,2.89,11.42,unconscious
0.248,0.279,6.4,0.25,1.18,alert
0.33,0.142,7.7,0.4,1.21,alert
0.124,0.155,43.2,4.81,4.35,unconscious
0.259,0.18,7.0,0.06,0.55,alert
0.112,0.655,30.2,3.74,13.6,unconscious
0.123,0.849,8.7,1.6,2.32,drowsy
0.278,0.256,5.4,0.17,0.56,alert
0.23,0.795,12.3,2.78,4.0,drowsy
0.163,0.705,8.0,1.52,3.27,drowsy
0.337,0.4,8.7,0.09,1.09,alert
0.246,0.461,1.6,0.28,0.17,alert
0.258,0.497,10.4,2.45,2.55,drowsy
0.158,0.488,26.4,8.49,9.63,unconscious
0.177,0.414,17.3,6.49,9.54,unconscious
0.323,0.312,7.2,0.27,0.01,alert
0.327,0.453,6.2,0.0,0.32,alert
0.258,0.013,19.0,0.69,4.29,alert
0.259,0.559,15.5,1.09,2.55,drowsy
0.136,0.445,31.4,7.32,5.2,unconscious
0.111,0.573,38.1,5.89,6.88,drowsy
0.142,0.289,9.4,6.23,5.9,unconscious
0.322,0.241,6.4,0.0,0.74,alert
0.279,0.308,5.3,0.26,0.0,alert
0.301,0.901,13.0,2.44,1.48,drowsy
0.275,0.596,3.4,0.32,5.24,drowsy
0.23,0.549,21.4,2.63,3.37,drowsy
0.154,0.335,20.7,6.02,13.7,unconscious
0.317,0.233,2.5,0.0,0.6,alert
0.185,0.519,31.0,8.56,12.03,unconscious
0.27,0.56,11.3,0.0,1.6,drowsy
0.283,0.279,0.4,0.68,0.88,alert
0.161,0.654,7.1,1.53,4.55,drowsy
0.124,0.582,16.3,4.08,8.57,unconscious
0.087,0.197,21.0,8.08,6.88,unconscious
0.317,0.403,3.5,0.18,0.93,alert
0.251,0.324,4.1,0.15,0.36,alert
0.231,0.558,6.7,2.74,0.0,drowsy
0.256,0.37,13.8,0.3,0.85,alert
0.113,0.66,13.5,4.84,9.96,unconscious
0.132,0.234,7.2,4.91,8.27,unconscious
0.271,0.164,4.8,0.26,0.21,alert
0.112,0.456,23.5,2.43,6.04,unconscious
0.223,0.604,9.7,2.28,2.63,drowsy
0.205,0.474,26.8,6.87,7.15,unconscious
0.268,0.889,15.3,1.53,4.72,drowsy
0.214,0.835,20.0,1.42,3.99,unconscious
0.268,0.696,15.5,0.09,2.36,drowsy
0.208,0.593,9.0,1.05,3.57,drowsy
0.306,0.271,7.0,0.21,0.53,alert
0.155,0.453,23.5,4.49,9.31,unconscious
0.281,0.417,3.3,0.7,0.0,alert
0.328,0.356,4.1,0.33,0.84,alert
0.233,0.655,12.5,3.63,3.41,drowsy
0.259,0.357,7.0,0.0,1.13,alert
0.061,0.224,35.4,9.14,6.43,unconscious
0.089,0.601,28.3,3.32,9.32,unconscious
0.284,0.294,7.1,0.22,0.13,alert
0.271,0.265,5.0,0.56,0.82,alert
0.206,0.851,14.8,0.98,4.45,drowsy
0.108,0.502,27.5,7.57,8.29,unconscious
0.203,0.173,22.0,3.63,9.64,unconscious
0.338,0.29,5.6,0.05,0.65,alert
0.197,0.263,6.7,0.46,0.0,alert
0.209,0.513,13.0,0.25,5.39,drowsy
0.208,0.409,6.4,0.0,1.07,alert
0.117,0.468,7.2,3.33,2.2,drowsy
0.188,0.409,31.7,5.7,13.15,unconscious
0.129,0.633,28.0,5.0,4.94,unconscious
0.109,0.47,17.9,3.34,8.99,unconscious
0.355,0.35,3.6,0.66,0.0,alert
0.322,0.064,7.5,0.58,0.5,alert
0.132,0.272,23.8,6.95,5.46,unconscious
0.259,0.424,2.6,0.08,0.74,alert
0.198,0.902,34.3,3.27,0.22,unconscious
0.288,0.312,3.3,0.08,0.3,alert
0.333,0.329,3.2,0.77,0.0,alert
0.285,0.619,7.0,0.42,0.35,alert
0.167,0.299,19.5,3.3,9.68,unconscious
0.126,0.0,18.8,2.96,8.41,unconscious
0.313,0.327,7.0,0.0,0.01,alert
0.11,0.619,18.9,1.69,5.64,unconscious
0.172,0.647,28.6,7.59,9.46,unconscious
0.257,0.68,6.7,0.67,3.32,drowsy
0.05,0.301,22.8,4.95,0.7,alert
0.343,0.172,5.6,0.69,0.43,alert
0.134,0.468,31.5,6.8,15.18,unconscious
0.172,0.7,12.8,2.08,3.15,drowsy
0.138,0.511,15.2,2.66,4.91,drowsy
0.115,0.357,16.0,7.27,8.14,unconscious
0.141,0.653,7.0,1.65,2.15,drowsy
0.2,0.385,3.6,0.13,0.35,alert
0.294,0.086,7.8,0.17,0.4,alert
0.307,0.235,5.8,0.0,0.12,alert
0.08,0.282,29.7,5.06,7.62,unconscious
0.27,0.296,4.3,0.0,1.1,alert
0.181,0.47,37.3,7.08,5.71,unconscious
0.287,0.395,2.7,0.81,1.14,alert
0.201,0.457,11.4,1.42,0.0,drowsy
0.131,0.45,14.2,3.85,5.91,unconscious
0.182,0.501,10.4,2.47,4.03,drowsy
0.106,0.511,19.4,6.44,5.05,unconscious
0.153,0.387,21.3,0.91,5.23,unconscious
0.195,0.274,36.4,6.43,8.83,unconscious
0.197,0.473,15.0,0.16,2.53,drowsy
0.351,0.282,6.4,0.59,0.37,alert
0.282,0.322,3.1,0.09,0.0,alert
0.273,0.274,1.3,0.62,0.0,alert
0.127,0.885,23.8,7.33,7.37,unconscious
0.313,0.252,8.2,0.22,0.1,alert
0.118,0.521,23.5,3.63,6.93,unconscious
0.123,0.485,11.7,2.48,0.65,drowsy
0.266,0.448,5.6,0.51,2.71,drowsy
0.164,0.075,29.2,7.03,5.26,unconscious
0.231,0.457,13.3,0.33,0.98,alert
0.2,0.548,12.0,0.0,1.13,drowsy
0.331,0.303,6.8,0.36,0.18,alert
0.227,0.45,14.8,2.16,1.4,drowsy
0.158,0.415,13.0,5.92,8.81,unconscious
0.115,0.782,13.9,2.48,2.2,drowsy
0.199,0.637,11.0,2.34,4.41,drowsy
0.173,0.279,36.4,3.79,11.52,unconscious
0.05,0.377,23.5,6.64,3.06,unconscious
0.249,0.263,7.8,0.03,1.09,alert
0.207,0.357,16.3,1.54,6.61,unconscious
0.087,0.606,26.8,4.17,7.71,unconscious
0.262,0.317,4.8,0.0,0.47,alert
0.124,0.377,22.8,2.52,9.9,unconscious
0.084,0.382,12.3,5.34,8.42,unconscious
0.339,0.704,14.3,0.44,0.0,drowsy
0.237,0.392,4.5,0.0,0.08,alert
0.268,0.76,17.9,2.57,3.25,drowsy
0.261,0.687,15.3,1.18,0.89,drowsy
0.311,0.196,39.3,5.16,3.66,drowsy
0.164,0.752,9.2,1.36,3.21,drowsy
0.106,0.65,12.1,1.17,4.92,drowsy
0.27,0.2,7.5,0.42,0.18,alert
0.154,0.622,12.3,0.88,2.93,drowsy
0.167,0.728,8.1,3.15,3.94,drowsy
0.177,0.814,16.3,2.08,3.48,drowsy
0.071,0.283,12.3,1.75,7.92,unconscious
0.437,0.583,18.5,5.26,8.16,alert
0.356,0.245,7.9,0.01,0.0,alert
0.205,0.659,9.5,1.04,4.9,drowsy
0.219,0.251,16.4,7.68,9.61,unconscious
0.174,0.644,16.3,1.28,2.13,drowsy
0.098,0.712,36.6,2.14,2.33,alert
0.164,0.555,12.7,0.4,3.42,drowsy
0.197,0.693,35.8,9.11,8.64,unconscious
0.092,0.32,31.5,0.84,7.5,alert
0.252,0.568,11.1,2.39,6.02,drowsy
0.274,0.414,6.7,0.86,0.1,alert
0.147,0.327,25.6,9.97,4.89,unconscious
0.286,0.656,16.7,1.72,3.62,drowsy
0.191,0.693,11.6,1.03,1.11,drowsy
0.212,0.964,10.2,1.19,0.34,drowsy
0.378,0.282,6.8,0.41,0.53,alert
0.191,0.457,15.9,1.74,5.6,drowsy
0.129,0.34,27.8,9.8,10.01,unconscious
0.145,0.498,30.8,3.79,9.16,unconscious
0.34,0.275,8.8,0.08,0.08,alert
0.192,0.754,1.4,3.5,4.53,drowsy
0.214,0.811,13.7,1.69,1.43,drowsy
0.231,0.102,7.0,0.34,1.02,alert
0.058,0.385,32.5,6.8,10.77,unconscious
0.121,0.411,24.4,2.9,7.12,unconscious
0.247,0.318,6.2,0.0,0.84,alert
0.264,0.797,3.2,2.6,4.41,drowsy
0.114,0.369,21.9,6.36,10.43,unconscious
0.227,0.322,4.9,0.0,0.49,alert
0.149,0.345,18.1,7.22,6.88,alert
0.233,0.346,13.5,1.77,2.35,drowsy
0.125,0.607,31.3,2.86,5.38,unconscious
0.343,0.41,9.7,0.0,0.0,alert
0.18,0.44,17.0,2.44,3.01,drowsy
0.313,0.269,2.7,0.29,0.87,alert
0.316,0.228,6.1,0.16,0.06,alert
0.178,0.71,17.8,8.12,7.13,unconscious
0.161,0.486,13.9,3.08,11.29,unconscious
0.05,0.3,25.4,5.56,9.08,unconscious
0.209,0.88,11.5,1.09,2.91,drowsy
0.324,0.355,6.9,0.3,0.52,alert
0.338,0.344,10.1,0.55,0.62,alert
0.289,0.297,3.4,0.04,0.24,alert
0.085,0.654,30.4,5.13,7.84,unconscious
0.318,0.47,2.5,0.0,0.25,alert
0.186,0.613,21.6,4.01,3.18,drowsy
0.23,0.516,15.2,0.64,1.51,drowsy
0.223,0.925,16.3,3.14,3.59,drowsy
0.126,0.541,20.1,2.92,10.88,unconscious
0.301,0.298,1.9,0.0,0.65,alert
0.292,0.336,3.5,0.28,0.31,alert
0.14,0.7,10.7,2.13,4.11,drowsy
0.271,0.278,3.8,0.16,0.22,alert
0.184,0.711,30.6,3.23,8.74,unconscious
0.243,0.726,14.7,1.77,3.03,drowsy
0.113,0.943,14.1,5.23,13.41,unconscious
0.253,0.449,3.9,0.37,0.6,alert
0.345,0.387,18.8,1.33,0.19,drowsy
0.147,0.291,31.9,6.82,1.6,unconscious
0.221,0.795,13.6,0.0,2.86,drowsy
0.326,0.206,1.7,0.2,0.2,alert
0.128,0.377,22.9,8.73,11.67,unconscious
0.255,0.43,6.2,0.09,0.46,alert
0.426,0.263,26.9,1.43,0.93,drowsy
0.308,0.365,1.8,0.43,0.65,alert
0.164,0.665,18.6,4.75,6.23,unconscious
0.248,0.262,5.3,0.2,0.0,alert
0.212,0.642,19.7,2.63,1.84,drowsy
0.289,0.215,1.3,0.51,1.08,alert
0.159,0.0,26.9,2.98,9.94,unconscious
0.248,0.595,12.9,1.31,4.43,drowsy
0.16,0.757,10.9,0.11,4.48,drowsy
0.165,0.433,38.9,6.4,10.54,unconscious
0.232,0.367,6.4,0.0,0.83,alert
0.284,0.306,6.3,0.26,0.49,alert
0.354,0.328,3.5,0.36,0.26,alert
0.288,0.199,5.5,0.25,0.62,alert
0.258,0.177,7.6,0.4,1.05,alert
0.098,0.278,13.2,7.64,3.02,unconscious
0.141,0.599,15.7,1.57,2.65,drowsy
0.244,0.39,3.4,0.44,0.29,alert
0.347,0.175,0.7,0.59,0.35,alert
0.29,0.369,3.1,0.0,1.1,alert
0.226,0.706,17.5,1.46,3.28,drowsy
0.129,0.564,28.9,7.61,9.36,unconscious
0.236,0.265,8.1,0.0,0.81,alert
0.277,0.496,8.0,0.25,0.43,alert
0.105,0.135,22.5,9.94,9.49,unconscious
0.247,0.233,8.2,0.3,0.29,alert
0.294,0.253,9.3,0.27,0.0,alert
0.155,0.648,30.1,6.51,9.45,unconscious
0.28,0.643,10.8,1.43,2.64,drowsy
0.21,0.78,8.6,2.6,2.48,drowsy
0.165,0.516,15.9,2.48,5.12,drowsy
0.36,0.259,8.7,0.5,0.24,alert
0.276,0.471,12.6,2.68,5.93,drowsy
0.098,0.712,30.8,6.07,10.01,unconscious
0.114,0.81,1.1,5.52,5.94,alert
0.167,0.759,10.1,2.73,2.56,drowsy
0.261,0.405,7.0,0.52,0.26,alert
0.133,0.293,37.5,8.34,7.36,unconscious
0.275,0.408,3.4,0.02,0.0,alert
0.3,0.301,1.4,0.37,0.0,alert
0.106,0.389,22.1,6.3,5.57,unconscious
0.182,0.618,7.8,3.25,4.31,drowsy
0.113,0.309,31.8,5.72,7.26,unconscious
0.291,0.284,3.8,0.28,0.44,alert
0.321,0.38,11.0,0.44,0.65,alert
0.305,0.607,17.9,1.97,5.2,drowsy
0.228,0.552,8.5,2.22,3.43,drowsy
0.155,0.847,18.0,5.46,9.61,unconscious
0.099,0.507,2.7,7.39,2.94,drowsy
0.365,0.881,5.3,1.29,2.92,drowsy
0.287,0.195,6.9,0.37,1.18,alert
0.291,0.085,6.4,0.09,1.16,alert
0.253,0.387,22.5,2.85,4.05,drowsy
0.291,0.19,3.2,0.01,1.25,alert
0.192,0.289,7.9,0.43,1.06,alert
0.103,0.114,19.5,6.05,12.99,unconscious
0.181,0.24,12.3,0.61,0.69,alert
0.15,0.649,11.4,0.48,2.39,drowsy
0.194,0.293,8.0,1.01,3.54,drowsy
0.162,0.587,18.0,8.98,2.37,unconscious
0.203,0.314,24.5,3.5,6.14,unconscious
0.288,0.253,8.9,0.18,1.15,alert
0.171,0.0,34.9,3.39,6.0,unconscious
0.279,0.34,6.4,0.34,0.0,alert
0.07,0.721,17.2,6.64,6.95,unconscious
0.101,0.464,7.2,7.07,3.38,drowsy
0.156,0.522,12.7,5.52,5.29,unconscious
0.263,0.403,5.9,0.42,0.92,alert
0.094,0.466,14.5,5.31,7.19,unconscious
0.143,0.776,14.2,1.21,4.54,drowsy
0.184,0.754,11.8,0.83,5.09,drowsy
0.442,0.95,34.1,3.63,8.71,alert
0.265,0.661,16.4,2.64,2.63,drowsy
0.258,0.528,10.4,2.63,1.53,drowsy
0.099,0.309,23.0,4.3,6.16,unconscious
0.107,0.378,34.5,3.54,9.45,unconscious
0.177,0.545,30.0,2.71,9.32,unconscious
0.25,0.487,10.6,3.56,4.97,drowsy
0.192,0.437,29.3,6.2,5.83,unconscious
0.28,0.453,4.1,0.47,0.84,alert
0.363,0.225,5.3,0.0,1.36,alert
0.2,0.359,12.3,1.14,2.31,drowsy
0.181,0.429,9.2,7.74,13.29,unconscious
0.19,0.752,3.6,1.33,2.41,drowsy
0.167,0.504,28.8,5.34,9.36,unconscious
0.097,0.365,29.9,1.52,10.77,unconscious
0.212,0.644,5.3,0.74,5.42,drowsy
0.21,0.438,15.5,3.46,3.54,drowsy
0.135,0.58,20.1,0.06,7.23,unconscious
0.242,0.351,4.8,0.0,0.23,alert
0.306,0.285,3.0,0.21,0.0,alert
0.231,0.19,0.2,0.0,0.69,alert
0.328,0.374,2.3,0.49,0.9,alert
0.097,0.555,14.9,1.73,3.38,drowsy
0.098,0.558,28.1,3.2,8.34,unconscious
0.156,0.601,6.4,1.32,3.27,drowsy
0.133,0.578,13.3,7.22,11.11,unconscious
0.174,0.665,45.0,3.4,10.0,unconscious
0.222,0.482,22.0,3.67,2.04,drowsy
0.068,0.522,9.8,2.94,3.4,drowsy
0.124,0.663,25.0,4.13,9.51,unconscious
0.145,0.626,17.9,3.4,4.89,drowsy
0.343,0.35,7.3,0.0,0.58,alert
0.288,0.405,0.3,0.14,0.16,alert
0.147,0.0,19.2,5.84,6.31,unconscious
0.088,0.49,34.9,4.4,7.09,unconscious
0.099,0.479,27.5,7.43,10.17,unconscious
0.113,0.407,21.4,6.74,7.29,unconscious
0.105,0.275,31.7,3.98,6.57,unconscious
0.295,0.377,8.1,0.0,0.71,alert
0.265,0.208,3.4,0.45,0.0,alert
0.234,0.436,6.5,0.33,0.79,alert
0.1,0.791,20.0,7.23,5.59,unconscious
0.222,0.241,23.0,3.29,12.16,unconscious
0.178,0.835,2.8,2.99,1.23,drowsy
0.177,0.902,26.8,5.88,5.78,unconscious
0.153,0.085,40.7,4.95,10.08,unconscious
0.151,0.736,18.0,2.75,4.38,drowsy
0.299,0.138,3.4,0.16,0.98,alert
0.125,0.442,10.6,2.36,15.26,unconscious
0.345,0.275,4.6,0.37,1.09,alert
0.207,0.415,18.4,5.22,11.43,unconscious
0.305,0.231,6.4,0.17,0.0,alert
0.305,0.326,5.6,0.14,0.43,alert
0.351,0.669,10.6,2.99,0.6,drowsy
0.232,0.126,4.7,0.04,0.66,alert
0.212,0.662,26.7,4.49,7.6,unconscious
0.305,0.226,3.5,0.0,0.0,alert
0.186,0.542,16.5,1.48,2.11,drowsy
0.19,0.59,19.2,0.68,2.02,drowsy
0.136,0.872,25.5,6.26,12.91,unconscious
0.182,0.437,17.4,3.18,8.41,unconscious
0.127,0.487,6.3,3.74,6.85,unconscious
0.276,0.356,8.7,0.02,0.17,alert
0.395,0.955,0.0,6.74,5.06,drowsy
0.244,0.67,9.7,1.51,5.31,drowsy
0.205,0.796,12.5,2.43,3.29,drowsy
0.125,0.168,36.3,8.03,6.02,unconscious
0.104,0.522,10.0,1.51,1.12,drowsy
0.274,0.411,1.4,0.0,0.47,alert
0.236,0.495,9.8,1.64,4.37,drowsy
0.273,0.547,10.9,1.58,1.92,drowsy
0.124,0.286,30.8,3.43,7.99,unconscious
0.123,0.92,9.2,0.0,2.56,drowsy
0.136,0.343,26.4,5.58,5.8,unconscious
0.147,0.26,34.4,2.34,8.86,unconscious
0.257,0.317,3.0,0.74,0.34,alert
0.305,0.165,4.6,0.52,0.76,alert
0.121,0.313,24.2,0.0,8.74,unconscious
0.212,0.949,15.0,2.18,3.44,drowsy
0.211,0.601,26.8,7.3,5.77,unconscious
0.134,0.484,38.1,7.56,6.25,unconscious
0.255,0.615,16.3,2.76,3.72,drowsy
0.223,0.393,7.6,0.05,0.0,alert
0.251,0.378,3.2,0.0,0.62,alert
0.189,0.297,8.0,2.3,6.46,drowsy
0.188,0.609,9.7,0.04,2.74,drowsy
0.315,0.352,5.3,0.04,0.53,alert
0.201,0.689,17.5,0.71,4.69,drowsy
0.365,0.221,3.6,0.0,0.11,alert
0.1,0.237,30.6,3.35,9.37,unconscious
0.102,0.479,35.7,6.25,9.66,unconscious
0.105,0.977,11.8,1.07,0.45,drowsy
0.203,0.306,19.9,7.14,5.37,unconscious
0.129,0.437,19.8,5.78,11.55,unconscious
0.11,0.542,26.6,5.27,12.52,unconscious
0.2,0.391,15.6,1.8,2.68,drowsy
0.161,0.34,31.3,4.86,16.47,unconscious
0.281,0.131,0.2,0.0,0.5,alert
0.359,0.286,5.2,0.71,1.09,alert
0.249,0.329,4.2,0.0,0.81,alert
0.112,0.735,16.3,7.51,9.78,unconscious
0.313,0.795,18.4,2.59,1.03,drowsy
0.259,0.508,1.9,0.0,0.0,alert
0.05,0.124,34.8,5.75,4.68,unconscious
0.237,0.701,18.9,1.33,4.66,drowsy
0.246,0.564,8.9,2.4,4.58,drowsy
0.206,0.792,4.6,1.68,4.4,drowsy
0.081,0.0,12.3,4.57,6.8,unconscious
0.199,0.72,28.9,7.12,12.85,unconscious
0.325,0.231,6.8,0.0,0.23,alert
0.271,0.236,1.6,0.78,0.6,alert
0.243,0.684,29.5,4.73,13.57,unconscious
0.148,0.405,5.2,1.39,2.98,drowsy
0.149,0.11,38.4,7.92,8.54,unconscious
0.159,0.806,21.6,6.92,2.61,unconscious
0.324,0.291,1.3,0.15,0.48,alert
0.293,0.2,8.2,0.03,0.76,alert
0.252,0.279,6.4,0.25,0.92,alert
0.276,0.12,7.1,0.0,0.0,alert
0.303,0.204,4.1,0.69,1.54,alert
0.28,0.61,16.1,2.42,1.39,drowsy
0.247,0.27,5.9,0.31,0.8,alert
0.288,0.177,6.2,0.1,0.76,alert
0.11,0.033,28.2,4.36,7.87,unconscious
0.245,0.396,8.7,0.18,0.63,alert
0.197,0.446,15.6,2.94,2.54,drowsy
0.237,0.468,12.6,1.35,4.98,drowsy
0.347,0.395,9.7,0.09,0.0,alert
0.198,0.382,1.9,0.6,0.0,alert
0.24,0.587,12.3,2.03,3.31,drowsy
0.185,0.144,8.6,4.09,7.23,unconscious
0.304,0.253,3.8,0.24,0.61,alert
0.336,0.808,10.1,4.32,5.28,alert
0.272,0.421,4.2,0.19,1.04,alert
0.114,0.532,9.5,6.31,3.24,unconscious
0.128,0.599,13.9,6.83,7.56,unconscious
0.282,0.518,12.9,7.1,6.7,alert
0.118,0.487,23.7,5.05,9.51,unconscious
0.237,0.595,11.5,2.43,0.62,drowsy
0.209,0.717,1.6,1.41,2.31,drowsy
0.247,0.725,14.5,3.21,3.73,drowsy
0.128,0.386,35.2,3.92,4.9,unconscious
0.304,0.221,4.5,0.17,1.03,alert
0.274,0.116,7.4,0.1,0.27,alert
0.237,0.158,1.1,0.4,0.44,alert
0.15,0.443,16.0,6.61,6.97,unconscious
0.245,0.317,10.5,1.01,0.86,drowsy
0.173,0.821,18.7,1.49,3.46,drowsy
0.29,0.201,4.5,0.45,0.47,alert
0.123,0.476,6.8,3.23,5.97,unconscious
0.201,0.146,19.5,6.3,9.31,unconscious
0.281,0.169,6.3,0.32,1.0,alert
0.214,0.598,10.1,2.36,4.02,drowsy
0.219,0.381,6.5,0.0,0.09,alert
0.064,0.155,17.4,7.56,8.96,unconscious
0.177,0.815,6.4,2.66,2.81,drowsy
0.075,0.278,14.1,3.51,6.43,unconscious
0.224,0.626,13.9,1.61,3.92,drowsy
0.088,0.436,12.6,2.11,2.8,drowsy
0.136,0.677,12.7,3.54,3.82,drowsy
0.177,0.0,35.7,11.86,13.1,unconscious
0.172,0.401,23.1,3.15,0.99,unconscious
0.197,0.277,15.6,1.22,2.8,drowsy
0.16,0.637,12.8,2.75,8.04,unconscious
0.247,0.135,8.4,0.0,0.0,alert
0.385,0.437,3.6,0.0,0.65,alert
0.107,0.446,22.6,4.62,7.56,unconscious
0.095,0.597,25.7,6.22,7.16,unconscious
0.378,0.213,2.5,0.06,0.24,alert
0.196,0.224,21.8,7.89,9.86,unconscious
0.284,0.33,2.8,0.0,1.07,alert
0.243,0.678,18.8,3.17,3.16,drowsy
0.188,0.761,26.4,7.3,6.25,unconscious
0.246,0.724,7.8,2.59,2.35,drowsy
0.21,0.845,4.8,1.65,6.03,drowsy
0.262,0.758,15.0,1.95,3.06,drowsy
0.109,0.253,24.7,4.3,4.0,unconscious
0.265,0.235,0.8,0.25,0.49,alert
0.259,0.49,20.0,1.41,1.63,drowsy
0.193,0.94,4.9,1.37,3.8,drowsy
0.243,0.789,8.8,3.14,1.34,drowsy
0.226,0.143,3.8,0.6,0.25,alert
0.217,0.45,4.9,2.04,4.3,drowsy
0.116,0.063,12.0,8.07,5.3,unconscious
0.29,0.283,4.3,0.33,0.0,alert
0.197,0.982,34.5,6.18,2.74,alert
0.35,0.463,34.6,7.41,3.28,alert
0.089,0.408,33.4,5.72,7.62,unconscious
0.166,0.53,11.5,7.13,11.59,unconscious
0.276,0.881,12.4,2.28,0.71,drowsy
0.211,0.562,13.6,1.88,1.98,drowsy
0.343,0.39,5.0,0.35,0.0,alert
0.288,0.278,8.7,0.46,0.0,alert
0.357,0.728,11.9,2.72,0.76,drowsy
0.192,0.252,24.0,3.73,6.68,unconscious
0.218,0.624,13.0,2.32,3.78,drowsy
0.25,0.55,5.1,1.25,1.56,drowsy
0.294,0.294,5.5,0.43,0.02,alert
0.305,0.332,0.5,0.54,0.1,alert
0.148,0.83,10.1,1.07,2.31,drowsy
0.171,0.322,18.7,6.4,7.84,unconscious
0.203,0.619,17.3,0.91,3.02,drowsy
0.087,0.583,27.2,8.03,7.39,unconscious
0.235,0.477,1.2,0.64,1.47,alert
0.283,0.244,3.5,0.35,0.21,alert
0.257,0.192,40.4,9.88,9.41,unconscious
0.262,0.466,8.0,2.02,2.25,drowsy
0.172,0.87,8.2,3.74,4.88,drowsy
0.22,0.576,14.4,1.87,0.83,drowsy
0.079,0.363,27.5,0.0,8.74,unconscious
0.308,0.559,7.7,0.07,0.39,alert
0.27,0.317,7.0,0.4,0.47,alert
0.148,0.484,29.4,3.42,5.71,unconscious
0.185,0.386,34.3,4.72,9.71,unconscious
0.148,0.544,9.8,3.69,8.03,unconscious
0.097,0.452,14.4,4.2,6.46,unconscious
0.214,0.702,10.5,0.0,5.07,drowsy
0.205,0.343,16.2,2.01,1.98,drowsy
0.296,0.203,8.3,0.0,1.1,alert
0.293,0.236,8.1,0.03,0.6,alert
0.304,0.376,1.9,0.0,0.01,alert
0.302,0.358,14.0,0.0,1.04,alert
0.244,0.268,6.9,0.06,0.24,alert
0.383,0.334,3.0,0.24,0.85,alert
0.335,0.301,0.9,0.0,0.77,alert
0.266,0.342,9.2,0.15,1.3,alert
0.342,0.348,8.7,0.71,0.15,alert
0.271,0.359,7.7,0.0,0.0,alert
0.186,0.76,35.0,0.78,5.25,alert
0.313,0.264,5.8,0.0,0.0,alert
0.225,0.409,32.0,2.9,6.31,unconscious
0.288,0.38,9.5,0.0,0.0,alert
0.307,0.297,3.2,0.18,0.82,alert
0.201,0.806,0.8,1.95,3.41,drowsy
0.139,0.187,30.7,6.08,8.38,unconscious
0.142,0.415,20.8,2.38,7.81,unconscious
0.119,0.348,32.7,3.83,6.89,unconscious
0.249,0.312,3.2,0.0,0.33,alert
0.127,0.727,13.4,5.22,7.32,unconscious
0.239,0.325,3.2,0.57,0.5,alert
0.198,0.514,8.6,0.65,3.75,drowsy
0.136,0.295,27.0,7.37,9.78,unconscious
0.245,0.834,20.6,4.31,2.6,drowsy
0.05,0.611,31.6,6.21,7.8,alert
0.064,0.027,17.3,4.2,11.01,unconscious
0.176,0.556,12.2,1.03,4.29,drowsy
0.246,0.368,2.1,0.85,0.58,alert
0.129,0.301,16.3,9.04,4.97,unconscious
0.156,0.73,0.2,2.91,5.3,drowsy
0.147,0.393,37.5,4.16,6.46,unconscious
0.294,0.773,20.8,0.79,5.42,drowsy
0.325,0.437,10.2,0.02,0.0,alert
0.197,0.29,32.5,6.0,9.9,unconscious
0.27,0.359,4.3,0.17,0.99,alert
0.246,0.439,3.9,0.36,0.25,alert
0.114,0.304,19.2,3.88,9.48,unconscious
0.225,0.523,10.4,2.4,5.15,drowsy
0.153,0.0,15.2,8.66,5.74,unconscious
0.311,0.294,5.6,0.63,0.06,alert
0.352,0.297,5.8,0.0,0.86,alert
0.242,0.536,13.1,2.04,4.47,drowsy
0.331,0.257,4.2,0.17,0.63,alert
0.219,0.629,34.6,5.04,11.09,unconscious
0.163,0.555,33.2,2.11,9.53,unconscious
0.195,0.557,2.3,0.2,3.83,drowsy
0.054,0.677,20.0,2.14,7.83,unconscious
0.187,0.193,20.8,5.16,10.41,unconscious
0.343,0.371,8.6,0.0,1.08,alert
0.203,0.231,2.2,0.0,0.6,alert
0.08,0.623,7.5,1.68,6.69,drowsy
0.184,0.384,23.1,4.18,5.71,unconscious
0.097,0.188,28.5,8.71,9.68,unconscious
0.205,0.671,17.1,0.93,3.17,drowsy
0.143,0.395,23.9,6.6,5.95,unconscious
0.342,0.379,1.7,0.2,0.16,alert
0.205,0.144,7.6,0.27,1.23,alert
0.189,0.719,15.3,2.37,2.9,drowsy
0.284,0.45,4.6,0.27,0.31,alert
0.184,0.519,15.3,0.28,3.86,drowsy
0.131,0.542,18.7,2.33,2.33,drowsy
0.183,0.344,27.1,3.96,7.03,unconscious
0.14,0.127,13.7,5.51,8.79,unconscious
0.249,0.419,5.3,0.49,0.47,alert
0.178,0.631,26.0,3.2,2.62,drowsy
0.165,0.457,12.0,2.23,3.43,drowsy
0.135,0.726,8.9,2.6,0.65,drowsy
0.05,0.267,21.4,6.66,2.79,alert
0.173,0.279,28.5,6.02,11.35,unconscious
0.288,0.287,3.4,0.06,0.26,alert
0.241,0.97,25.0,2.82,4.4,drowsy
0.117,0.243,22.3,3.68,7.42,unconscious
0.289,0.27,5.5,0.45,0.81,alert
0.224,0.393,2.4,0.68,0.0,alert
0.231,0.696,18.8,1.71,1.85,drowsy
0.199,0.571,18.2,2.64,1.5,drowsy
0.096,0.4,19.7,9.33,5.18,unconscious
0.171,0.416,12.4,6.73,11.66,unconscious
0.147,0.622,19.2,5.8,12.08,unconscious
0.246,0.263,4.4,0.0,0.96,alert
0.247,0.815,21.9,1.59,1.46,drowsy
0.244,0.677,12.8,1.87,3.31,drowsy
0.16,0.573,18.6,4.02,2.61,unconscious
0.233,0.331,6.7,0.34,0.0,alert
0.227,0.585,39.5,4.7,2.24,drowsy
0.221,0.835,15.2,0.0,2.33,drowsy
0.215,0.593,31.1,5.66,6.59,unconscious
0.063,0.559,26.6,7.5,8.47,unconscious
0.19,0.528,14.9,2.96,2.41,drowsy
0.338,0.163,5.5,0.64,0.0,alert
0.29,0.295,0.1,0.0,0.72,alert
0.272,0.904,5.3,7.34,3.45,alert
0.085,0.142,30.9,4.62,12.35,unconscious
0.212,0.479,9.9,2.09,3.44,drowsy
0.174,0.426,21.9,5.51,8.2,unconscious
0.33,0.66,18.1,3.79,3.59,drowsy
0.25,0.393,5.8,0.16,0.8,alert
0.302,0.257,4.4,0.33,0.0,alert
0.082,0.399,21.5,3.68,7.26,unconscious
0.111,0.333,7.9,3.24,10.99,unconscious
0.237,0.5,18.8,1.52,3.38,drowsy
0.311,0.529,5.7,0.34,0.74,alert
0.371,0.044,26.6,0.36,7.86,unconscious
0.125,0.69,22.5,9.21,9.7,unconscious
0.097,0.197,33.9,5.59,2.04,unconscious
0.253,0.277,6.1,0.0,0.75,alert
0.162,0.565,13.7,1.39,1.79,drowsy
0.158,0.363,33.1,4.91,5.65,unconscious
0.23,0.462,1.6,0.52,0.74,alert
0.261,0.46,19.6,1.44,3.91,drowsy
0.217,0.616,18.1,2.22,2.76,drowsy
0.119,1.0,28.9,3.44,5.2,unconscious
0.283,0.279,6.2,0.08,0.81,alert
0.256,0.319,6.2,0.63,0.07,alert
0.259,0.713,7.8,2.22,2.43,drowsy
0.198,0.81,10.3,1.65,3.98,drowsy
0.121,0.329,30.2,2.67,2.76,unconscious
0.279,0.417,9.1,0.02,0.61,alert
0.31,0.288,6.0,0.34,0.04,alert
0.321,0.416,36.6,6.59,1.67,unconscious
0.335,0.773,6.6,2.51,2.3,drowsy
0.265,0.694,10.2,0.45,4.57,drowsy
0.279,0.132,5.9,0.0,0.16,alert
0.135,0.281,30.3,7.47,7.7,unconscious
0.11,0.475,7.5,2.38,3.91,drowsy
0.057,0.109,20.8,5.87,3.66,unconscious
0.232,0.722,16.2,1.75,3.19,drowsy
0.223,0.584,23.8,1.95,2.14,drowsy
0.269,0.343,2.6,0.0,1.31,alert
0.14,0.424,16.0,5.88,8.73,unconscious
0.252,0.363,11.0,0.0,0.83,alert
0.11,0.235,40.9,10.47,10.26,unconscious
0.278,0.308,6.2,0.21,0.36,alert
0.313,0.251,4.1,0.75,0.56,alert
0.313,0.439,5.7,0.83,0.75,alert
0.08,0.433,33.0,6.41,10.98,unconscious
0.257,0.432,1.5,0.09,1.24,alert
0.161,0.695,6.9,0.61,3.3,drowsy
0.087,0.373,19.8,2.5,4.27,unconscious
0.212,0.27,2.4,0.24,0.74,alert
0.392,0.545,16.8,4.27,7.03,alert
0.308,0.42,3.1,0.0,0.2,alert
0.295,0.485,6.7,0.91,2.06,drowsy
0.278,0.755,17.2,0.78,3.59,drowsy
0.051,0.493,37.9,7.7,7.1,unconscious
0.299,0.528,33.1,1.78,1.95,unconscious
0.332,0.301,7.0,0.09,0.3,alert
0.071,0.145,22.5,3.84,10.17,unconscious
0.143,0.38,29.0,5.07,6.69,unconscious
0.189,0.666,10.7,3.07,3.31,drowsy
0.106,0.179,22.1,8.63,8.99,unconscious
0.277,0.515,6.0,2.25,5.38,drowsy
0.168,0.921,3.7,1.67,2.5,drowsy
0.202,0.154,3.5,0.25,0.39,alert
0.269,0.64,13.6,0.8,4.03,drowsy
0.21,0.642,15.2,3.28,4.05,drowsy
0.266,0.374,19.2,1.7,3.15,drowsy
0.288,0.411,2.5,0.0,0.2,alert
0.076,0.463,22.5,4.95,6.16,unconscious
0.303,0.3,3.2,0.22,0.71,alert
0.278,0.679,9.2,2.47,5.38,drowsy
0.137,0.449,32.6,5.66,12.46,unconscious
0.269,0.518,14.0,1.1,0.0,drowsy
0.229,0.367,2.2,0.13,0.63,alert
0.259,0.343,3.4,0.0,0.74,alert
0.244,0.376,8.0,0.0,0.0,alert
0.21,0.68,16.4,1.69,0.0,drowsy
0.27,0.228,6.6,0.71,0.21,alert
0.198,0.616,3.9,2.71,0.94,drowsy
0.312,0.413,12.1,1.88,4.01,drowsy
0.298,0.581,9.6,4.01,2.17,drowsy
0.327,0.212,10.6,0.3,0.94,alert
0.259,0.294,13.1,0.0,0.47,alert
0.143,0.14,24.6,9.62,2.6,unconscious
0.222,0.644,2.9,1.18,2.64,drowsy
0.139,0.522,22.1,5.21,6.25,unconscious
0.188,0.239,12.1,0.18,1.14,alert
0.19,0.228,28.1,2.02,9.11,drowsy
0.237,0.516,7.1,2.59,1.23,drowsy
0.149,0.15,22.6,5.11,10.05,unconscious
0.399,0.498,34.0,1.98,1.75,alert
0.275,0.42,5.6,0.88,1.04,alert
0.132,0.746,12.1,1.4,1.51,drowsy
0.05,0.601,2.0,6.88,7.61,alert
0.296,0.449,6.0,0.17,0.23,alert
0.225,0.485,16.1,3.23,2.55,drowsy
0.162,0.744,29.7,0.49,6.98,unconscious
0.194,1.0,19.5,2.53,1.24,drowsy
0.146,0.529,7.5,0.38,0.0,drowsy
0.158,0.284,23.4,6.64,7.5,unconscious
0.091,0.679,12.7,6.81,3.47,unconscious
0.13,0.278,4.4,8.37,10.46,unconscious
0.177,0.037,29.4,2.75,7.72,unconscious
0.143,0.455,22.4,3.71,8.12,unconscious
0.325,0.333,9.6,0.37,0.81,alert
0.353,0.314,3.0,0.18,0.23,alert
0.144,0.586,2.1,3.22,2.15,drowsy
0.236,0.621,15.6,0.5,1.71,drowsy
0.083,0.628,24.0,6.6,12.77,unconscious
0.108,0.39,33.3,3.93,9.88,unconscious
0.125,0.26,37.4,3.9,1.11,drowsy
0.201,0.579,5.5,1.01,4.82,drowsy
0.129,0.377,22.4,10.36,0.35,unconscious
0.156,0.338,12.1,3.59,5.17,unconscious
0.082,0.627,29.8,6.52,10.58,unconscious
0.232,0.398,8.8,0.6,0.18,alert
0.323,0.102,2.8,0.76,1.33,alert
0.364,0.349,10.0,0.28,0.0,alert
0.135,0.711,6.0,6.82,9.67,unconscious
0.171,0.536,21.3,0.69,2.9,drowsy
0.219,0.708,13.1,2.51,6.25,drowsy
0.2,0.332,18.8,6.4,9.29,unconscious
0.306,0.212,1.3,0.1,2.06,alert
0.292,0.742,20.7,1.22,3.05,drowsy
0.251,0.396,0.6,0.43,0.64,alert
0.209,0.725,8.9,0.45,1.85,drowsy
0.235,0.904,20.9,0.87,5.77,drowsy
0.209,0.875,6.1,0.89,2.08,drowsy
0.244,0.937,8.7,1.14,4.27,drowsy
0.119,0.587,13.3,8.02,7.89,unconscious
0.093,0.261,33.6,5.7,4.61,unconscious
0.189,0.102,37.9,0.0,6.92,unconscious
0.147,0.158,23.0,7.33,14.4,unconscious
0.23,0.396,2.1,0.46,0.99,alert
0.147,0.392,23.7,5.3,7.51,unconscious
0.05,0.71,11.8,1.67,0.12,alert
0.156,0.673,26.2,7.25,6.86,unconscious
0.157,0.834,21.3,4.12,5.12,unconscious
0.219,0.629,25.7,4.04,1.42,alert
0.213,0.542,5.0,1.97,2.25,drowsy
0.269,0.319,6.5,0.33,0.52,alert
0.31,0.362,9.4,0.0,0.35,alert
0.264,0.337,6.6,0.19,0.35,alert
0.263,0.415,6.2,0.6,0.01,alert
0.246,0.297,3.6,0.03,1.23,alert
0.162,0.603,14.7,0.68,2.4,drowsy
0.186,0.137,43.4,0.67,9.05,unconscious
0.165,0.573,10.4,1.89,1.11,drowsy
0.139,0.332,31.9,4.45,6.97,unconscious
0.331,0.467,7.7,0.0,0.08,alert
0.18,0.365,20.8,1.0,0.36,drowsy
0.217,0.55,10.3,1.45,2.95,drowsy
0.18,0.322,25.1,5.23,5.4,unconscious
0.292,0.308,7.0,0.51,0.8,alert
0.217,0.223,6.6,0.37,0.69,alert
0.193,0.971,8.8,2.21,2.27,drowsy
0.266,0.701,14.4,1.66,5.28,drowsy
0.244,0.113,4.2,0.0,0.03,alert
0.336,0.308,7.5,0.28,0.41,alert
0.262,0.298,7.7,0.31,0.0,alert
0.158,0.251,19.2,7.15,9.35,unconscious
0.255,0.235,3.4,0.04,0.0,alert
0.338,0.254,4.1,0.0,0.2,alert
0.084,0.585,14.6,6.83,6.21,unconscious
0.173,0.74,6.2,0.7,3.39,drowsy
0.321,0.337,5.0,0.52,0.0,alert
0.249,0.484,3.5,0.0,0.51,alert
0.312,0.286,3.8,0.02,0.95,alert
0.198,0.716,11.0,1.42,1.47,drowsy
0.112,0.538,15.4,0.47,2.9,drowsy
0.3,0.197,1.7,0.45,0.77,alert
0.064,0.8,14.7,6.1,1.92,unconscious
0.259,0.287,4.2,0.08,0.42,alert
0.188,0.339,34.4,3.66,11.61,unconscious
0.311,0.416,8.0,0.01,1.41,alert
0.259,0.462,1.4,0.25,1.19,alert
0.113,0.164,34.4,5.02,7.33,unconscious
0.294,0.277,2.4,0.0,0.46,alert
0.34,0.323,29.2,1.86,4.28,drowsy
0.065,0.358,21.0,7.35,8.74,unconscious
0.257,0.344,4.4,0.13,0.69,alert
0.196,0.778,13.6,1.31,2.5,drowsy
0.286,0.319,7.7,0.89,1.09,alert
0.273,0.689,18.6,3.48,1.46,drowsy
0.195,0.496,12.8,2.89,10.99,unconscious
0.104,0.439,18.1,5.76,4.25,unconscious
0.137,0.44,13.3,1.98,6.01,drowsy
0.202,0.376,11.5,2.28,0.0,drowsy
0.252,0.611,0.8,1.49,4.49,drowsy
0.28,0.268,5.1,0.42,0.0,alert
0.247,0.439,2.8,0.0,0.94,alert
0.135,0.931,15.3,1.73,2.18,drowsy
0.205,0.543,15.9,6.81,7.58,unconscious
0.271,0.297,4.0,0.0,0.52,alert
0.262,0.149,2.0,0.25,0.15,alert
0.116,0.394,23.4,4.2,8.68,unconscious
0.2,0.584,2.6,1.17,2.42,drowsy
0.258,0.083,6.5,0.28,0.7,alert
0.408,0.002,10.7,6.4,0.1,unconscious
0.111,0.282,32.7,2.51,8.65,unconscious
0.259,0.335,6.2,0.52,0.0,alert
0.253,0.371,4.4,0.43,0.78,alert
0.228,0.193,6.2,0.34,0.0,alert
0.106,0.376,28.0,6.71,7.55,unconscious
0.221,0.846,13.2,3.44,0.58,drowsy
0.119,0.568,22.9,2.11,13.57,unconscious
0.268,0.296,5.5,0.27,0.65,alert
0.352,0.285,3.3,0.0,1.06,alert
0.374,0.761,13.5,5.1,8.28,unconscious
0.219,0.203,6.8,0.75,0.47,alert
0.177,0.441,20.1,7.16,6.43,unconscious
0.073,0.481,28.3,5.81,9.76,unconscious
0.204,0.528,17.1,0.38,4.25,drowsy
0.278,0.585,6.3,0.55,2.02,drowsy
0.073,0.265,37.8,2.83,5.82,unconscious
0.131,0.065,24.1,3.37,11.4,unconscious
0.337,0.46,12.8,0.0,3.81,drowsy
0.285,0.193,4.4,0.1,0.79,alert
0.254,0.253,3.7,0.83,0.87,alert
0.258,0.868,14.5,2.76,6.6,drowsy
0.144,0.375,16.6,0.95,6.9,unconscious
0.287,0.404,1.0,0.0,1.52,alert
0.261,0.318,0.7,0.0,0.0,alert
0.183,0.716,19.3,1.06,2.64,drowsy
0.127,0.595,16.9,2.13,2.7,drowsy
0.354,0.358,2.3,0.32,0.38,alert
0.253,0.349,3.0,0.11,0.73,alert
0.211,0.645,0.6,2.77,2.72,drowsy
0.252,0.342,3.7,0.0,1.21,alert
0.306,0.327,6.9,0.02,0.54,alert
0.151,0.4,13.3,4.39,12.67,unconscious
0.131,0.173,24.2,4.03,6.24,unconscious
0.209,0.753,7.7,1.71,2.14,drowsy
0.282,0.141,4.1,0.68,0.18,alert
0.27,0.123,8.6,0.35,0.62,alert
0.293,0.698,7.1,2.11,5.51,drowsy
0.066,0.599,16.4,4.41,7.34,unconscious
0.2,0.617,8.7,3.25,3.63,drowsy
0.18,0.374,17.6,1.6,0.0,drowsy
0.226,0.374,1.8,0.0,0.51,alert
0.289,0.24,11.1,0.88,1.14,alert
0.183,0.308,24.4,5.87,5.86,unconscious
0.258,0.32,4.4,0.51,0.21,alert
0.294,0.265,6.8,0.24,0.15,alert
0.261,0.179,6.1,0.24,1.02,alert
0.221,0.211,7.4,0.0,0.38,alert
0.292,0.215,0.1,0.0,0.62,alert
0.227,0.156,2.5,0.0,0.45,alert
0.215,0.331,19.3,1.74,3.22,drowsy
0.119,0.384,48.6,3.4,9.02,unconscious
0.184,0.572,17.9,1.64,1.8,drowsy
0.105,0.494,34.5,3.18,2.55,unconscious
0.215,0.432,18.5,2.08,4.49,drowsy
0.281,0.207,0.1,0.25,0.52,alert
0.233,0.294,2.0,0.0,0.0,alert
0.118,0.236,28.7,5.46,11.3,unconscious
0.095,0.513,14.1,0.93,3.24,drowsy
0.114,0.288,11.0,4.93,6.02,unconscious
0.264,0.272,3.8,0.22,0.21,alert
0.175,0.408,26.1,7.76,9.8,unconscious
0.202,0.511,20.2,4.68,7.04,unconscious
0.156,0.402,27.1,4.52,4.77,unconscious
0.354,0.362,6.0,0.08,1.37,alert
0.2,0.239,23.7,3.55,4.65,unconscious
0.28,0.499,6.7,2.53,1.9,drowsy
0.233,0.544,2.3,0.68,2.8,drowsy
0.26,0.569,9.3,3.85,1.83,drowsy
0.139,0.277,31.4,1.43,11.35,unconscious
0.291,0.403,2.5,0.3,0.6,alert
0.16,0.411,21.0,3.96,8.13,unconscious
0.289,0.336,4.1,0.08,0.55,alert
0.121,0.514,11.6,3.79,6.06,unconscious
0.226,0.312,18.2,1.01,2.43,drowsy
0.079,0.508,22.4,5.93,10.65,unconscious
0.151,0.71,22.4,2.6,3.97,drowsy
0.188,0.617,25.1,4.7,15.44,unconscious
0.113,0.447,33.9,2.15,6.73,unconscious
0.306,0.389,3.6,0.66,0.0,alert
0.137,0.622,8.7,3.94,6.75,unconscious
0.185,0.709,15.7,1.36,2.06,drowsy
0.11,0.159,17.5,5.83,8.86,unconscious
0.23,0.824,21.6,1.06,3.11,drowsy
0.265,0.371,3.2,0.15,0.86,alert
0.264,0.284,9.6,0.79,1.55,alert
0.294,0.313,10.4,0.26,0.62,alert
0.295,0.344,3.0,0.0,0.25,alert
0.249,0.233,3.7,0.0,1.43,alert
0.109,0.536,31.8,4.16,10.54,unconscious
0.123,0.506,31.5,6.12,9.12,unconscious
0.148,0.202,17.7,2.09,6.74,unconscious
0.424,0.1,37.8,6.37,7.78,unconscious
0.189,0.699,40.4,3.5,5.9,unconscious
0.136,0.424,16.0,6.28,5.13,unconscious
0.235,0.793,15.8,1.6,3.33,drowsy
0.261,0.281,3.1,0.29,0.0,alert
0.131,0.698,35.9,5.76,11.74,unconscious
0.188,0.029,35.0,3.22,11.99,unconscious
0.24,0.33,1.5,0.0,0.06,alert
0.142,0.715,38.5,6.81,8.06,unconscious
0.324,0.382,10.4,0.33,0.0,alert
0.207,0.775,18.9,4.11,2.92,drowsy
0.27,0.194,1.7,0.0,0.82,alert
0.193,0.132,22.4,3.02,1.32,unconscious
0.252,0.812,7.3,1.65,0.33,drowsy
0.184,0.485,12.3,3.04,2.29,drowsy
0.34,0.283,5.7,0.88,0.22,alert
0.172,0.685,7.6,2.24,3.16,drowsy
0.127,0.359,21.8,1.84,12.35,unconscious
0.122,0.529,29.4,4.43,13.3,unconscious
0.252,0.216,7.5,0.21,0.62,alert
0.318,0.228,7.6,0.7,0.9,alert
0.237,0.124,4.9,0.4,0.21,alert
0.236,0.422,6.0,0.22,0.85,alert
0.241,0.506,6.7,0.28,0.68,alert
0.086,0.325,17.6,7.88,4.46,unconscious
0.319,0.402,9.7,0.0,0.28,alert
0.192,0.365,16.3,2.07,6.99,alert
0.129,0.499,9.1,1.48,7.15,drowsy
0.293,0.152,0.3,0.34,0.8,alert
0.204,0.889,9.9,2.56,1.46,drowsy
0.207,0.68,24.2,7.88,2.89,alert
0.283,0.342,5.1,0.19,0.5,alert
0.152,0.437,20.2,3.64,10.76,unconscious
0.089,0.52,18.3,8.04,7.91,unconscious
0.298,0.794,6.4,2.38,3.95,drowsy
0.204,0.261,5.3,0.26,0.0,alert
0.085,0.582,8.0,1.38,3.5,drowsy
0.229,0.367,5.4,0.04,1.2,alert
0.157,0.511,9.0,1.89,1.6,drowsy
0.151,0.508,18.5,3.98,9.03,unconscious
0.26,0.15,9.4,0.32,0.77,alert
0.173,0.598,16.9,1.57,4.54,drowsy
0.164,0.171,23.1,5.34,3.16,unconscious
0.217,0.994,16.1,1.26,2.26,drowsy
0.145,0.485,27.2,3.34,10.21,unconscious
0.3,0.588,24.9,2.04,2.39,unconscious
0.259,0.441,4.8,0.35,0.9,alert
0.432,0.892,5.1,2.49,2.43,alert
0.229,0.773,8.1,4.05,2.99,drowsy
0.322,0.117,4.5,0.07,0.3,alert
0.282,0.435,11.1,2.13,1.95,drowsy
0.092,0.35,31.8,2.03,7.13,unconscious
0.354,0.133,2.1,0.0,0.0,alert
0.269,0.608,11.7,1.99,2.84,drowsy
0.317,0.351,6.9,0.48,0.56,alert
0.135,0.562,30.0,6.54,10.58,unconscious
0.275,0.281,1.7,0.9,0.33,alert
0.242,0.548,3.2,2.1,1.66,drowsy
0.277,0.332,6.7,0.17,0.75,alert
0.292,0.298,2.0,0.27,0.0,alert
0.122,0.536,32.8,4.41,8.08,unconscious
0.248,0.124,9.5,0.82,0.64,alert
0.234,0.357,3.4,1.58,0.36,drowsy
0.05,0.239,22.2,6.13,6.96,unconscious
0.101,0.622,21.5,6.03,6.82,unconscious
0.31,0.187,1.6,0.0,0.0,alert
0.3,0.332,7.2,0.57,0.15,alert
0.188,0.204,15.4,5.04,8.83,unconscious
0.145,0.593,24.3,1.59,9.56,unconscious
0.239,0.235,4.2,0.0,0.26,alert
0.196,0.799,15.8,1.82,3.08,drowsy
0.159,1.0,2.3,1.76,4.14,drowsy
0.142,0.746,6.9,7.97,2.78,unconscious
0.175,0.905,31.0,6.47,10.59,unconscious
0.168,0.482,26.9,7.92,8.27,unconscious
0.253,0.865,10.8,0.63,1.07,drowsy
0.119,0.479,20.5,6.74,8.05,unconscious
0.282,0.454,6.8,0.82,0.88,alert
0.191,0.678,8.8,3.55,3.65,drowsy
0.22,0.75,21.5,1.88,1.16,drowsy
0.153,0.319,21.1,3.23,2.29,drowsy
0.142,0.705,8.4,1.42,3.5,drowsy
0.135,0.368,24.4,5.41,8.77,unconscious
0.242,0.913,8.6,0.08,2.72,drowsy
0.184,0.635,12.5,2.81,1.64,drowsy
0.273,0.015,4.6,0.1,0.64,alert
0.179,0.692,8.0,0.74,1.77,drowsy
0.22,0.345,3.0,0.19,1.19,alert
0.302,0.246,7.8,0.06,0.82,alert
0.204,0.53,1.8,1.35,2.77,drowsy
0.301,0.459,4.7,0.17,0.24,alert
0.182,0.648,9.7,2.27,3.17,drowsy
0.211,0.774,10.9,2.96,4.26,drowsy
0.191,0.607,39.5,4.94,10.01,unconscious
0.216,0.444,26.8,5.31,8.43,unconscious
0.142,0.619,2.0,2.13,7.18,drowsy
0.313,0.297,2.9,0.3,0.0,alert
0.338,0.409,6.0,0.14,0.43,alert
0.106,0.473,16.7,5.88,12.08,unconscious
0.243,0.46,11.8,0.0,2.94,drowsy
0.289,0.168,5.7,0.09,0.13,alert
0.254,0.335,7.8,0.41,1.03,alert
0.233,0.911,13.3,2.15,2.51,drowsy
0.185,0.511,14.7,3.18,0.71,drowsy
0.246,0.857,16.8,0.72,3.63,drowsy
0.149,0.34,14.1,8.51,4.53,unconscious
0.176,0.396,7.3,0.4,5.02,drowsy
0.166,0.35,22.2,3.28,9.32,unconscious
0.168,0.557,18.1,0.0,5.75,unconscious
0.252,0.297,4.0,0.33,0.0,alert
0.111,0.948,27.5,7.61,5.62,unconscious
0.24,0.267,10.1,0.33,0.16,alert
0.217,0.559,9.7,1.52,1.57,drowsy
0.291,0.225,2.5,0.0,0.41,alert
0.245,0.621,5.9,2.33,3.78,drowsy
0.194,0.434,9.4,1.32,4.27,drowsy
0.12,0.509,15.6,1.63,3.75,drowsy
0.054,0.409,18.6,1.36,0.42,alert
0.149,0.83,4.8,1.42,2.55,drowsy
0.231,0.641,13.5,2.41,4.29,drowsy
0.296,0.196,9.9,0.31,0.62,alert
0.112,0.261,33.0,6.48,14.91,unconscious
0.284,0.85,11.2,3.13,0.47,drowsy
0.156,0.643,15.0,1.32,10.04,unconscious
0.175,0.042,20.2,5.93,5.39,unconscious
0.314,0.366,0.9,0.3,0.0,alert
0.18,0.276,12.1,2.12,3.04,drowsy
0.253,0.794,9.7,1.08,3.8,drowsy
0.219,0.423,1.2,0.31,0.62,alert
0.163,0.064,25.5,5.83,10.35,unconscious
0.308,0.754,10.9,1.48,3.88,drowsy
0.173,0.719,15.1,0.36,4.85,drowsy
0.184,0.765,19.5,1.79,2.32,drowsy
0.291,0.388,4.4,0.15,1.22,alert
0.281,0.317,1.7,0.2,0.34,alert
0.313,0.665,10.1,1.5,3.64,drowsy
0.18,0.805,6.9,3.07,2.96,drowsy
0.099,0.792,7.4,6.52,6.15,alert
0.169,0.592,15.6,1.91,3.33,drowsy
0.154,0.875,3.4,2.27,1.96,drowsy
0.05,0.766,35.3,6.56,4.66,alert
0.126,0.592,27.6,5.29,8.49,unconscious
0.313,0.438,2.6,0.08,0.35,alert
0.191,0.572,20.1,7.09,4.58,unconscious
0.214,0.123,2.2,0.76,0.97,alert
0.257,0.225,8.3,0.6,1.4,alert
0.372,0.278,4.9,0.19,0.08,alert
0.063,0.564,2.3,5.31,2.41,unconscious
0.303,0.406,8.4,0.54,0.47,alert
0.252,0.373,6.9,0.17,0.44,alert
0.256,0.339,1.6,0.24,0.02,alert
0.106,0.417,27.5,2.69,8.5,unconscious
0.199,0.594,1.3,3.46,2.28,drowsy
0.218,0.447,9.5,2.23,1.49,drowsy
0.197,0.358,14.3,2.63,4.49,drowsy
0.243,0.356,6.3,0.13,1.0,alert
0.125,0.628,16.3,4.38,5.1,drowsy
0.204,0.664,11.8,0.64,3.59,drowsy
0.24,0.921,22.8,1.44,1.45,drowsy
0.235,0.334,13.7,0.92,3.33,drowsy
0.143,0.7,24.3,2.38,7.3,unconscious
0.161,0.344,18.8,4.84,3.14,unconscious
0.29,0.364,2.8,0.5,0.91,alert
0.142,0.311,25.8,4.06,8.12,unconscious
0.125,0.487,21.3,3.65,6.29,unconscious
0.12,0.167,27.5,1.89,3.58,unconscious
0.31,0.405,4.4,0.7,0.0,alert
0.171,0.869,8.4,3.21,0.98,drowsy
0.091,0.755,10.3,3.78,0.76,drowsy
0.259,0.351,25.1,1.44,1.99,unconscious
0.303,0.219,3.4,0.0,0.11,alert
0.277,0.31,4.0,0.0,0.26,alert
0.224,0.218,4.0,0.21,0.0,alert
0.152,0.235,13.3,5.36,8.3,unconscious
0.112,0.823,5.0,2.21,1.73,drowsy
0.174,0.384,6.7,0.16,0.07,alert
0.324,0.299,6.1,0.45,0.82,alert
0.253,0.719,7.7,1.51,2.85,drowsy
0.12,0.701,39.0,5.88,7.56,unconscious
0.287,0.316,5.7,0.68,1.08,alert
0.212,0.517,13.2,1.67,4.73,drowsy
0.134,0.721,24.3,4.25,7.24,unconscious
0.214,0.434,5.5,0.59,0.41,alert
0.279,0.633,15.8,1.87,4.96,drowsy
0.143,0.688,9.2,0.0,1.38,drowsy
0.265,0.625,6.1,2.26,2.86,drowsy
0.143,0.436,26.0,6.52,7.67,unconscious
0.153,0.529,13.5,4.59,11.49,unconscious
0.084,0.658,6.4,2.01,3.55,drowsy
0.056,0.207,23.8,5.22,11.01,unconscious
0.29,0.344,6.5,0.0,1.47,alert
0.261,0.435,14.3,2.44,5.31,drowsy
0.151,0.7,8.8,2.03,4.07,drowsy
0.219,0.741,2.3,0.95,2.87,drowsy
0.108,0.179,22.8,5.18,11.12,unconscious
0.191,0.58,19.4,3.01,0.0,drowsy
0.196,0.474,11.9,5.53,1.52,unconscious
0.367,0.314,8.8,0.0,0.09,alert
0.151,0.351,33.0,6.14,9.76,unconscious
0.227,0.596,17.3,1.38,2.89,drowsy
0.197,0.757,19.7,2.57,0.7,drowsy
0.271,0.243,5.8,0.06,0.0,alert
0.182,0.661,14.0,2.03,3.24,drowsy
0.26,0.549,7.9,0.0,0.28,alert
0.252,0.324,4.8,0.0,1.21,alert
0.278,0.386,5.9,0.0,0.43,alert
0.251,0.887,12.8,1.35,0.44,drowsy
0.403,0.912,2.5,4.17,1.53,unconscious
0.192,0.296,1.7,0.29,0.39,alert
0.129,0.581,29.5,2.56,12.61,unconscious
0.261,0.303,2.3,0.33,0.58,alert
0.228,0.512,8.0,1.11,3.98,drowsy
0.294,0.528,14.4,2.23,1.36,drowsy
0.268,0.473,3.4,0.0,0.24,alert
0.281,0.416,6.7,0.25,0.71,alert
0.288,0.289,0.4,0.68,0.82,alert
0.281,0.343,12.2,0.0,1.7,alert
0.215,0.753,17.6,1.09,2.1,drowsy
0.17,0.694,16.1,7.18,6.3,unconscious
0.223,0.361,3.5,0.0,0.24,alert
0.176,0.103,26.3,7.08,7.97,unconscious
0.259,0.588,19.9,2.0,5.34,drowsy
0.157,0.507,9.8,2.44,1.8,drowsy
0.313,0.356,6.5,0.0,0.69,alert
0.227,0.393,15.5,1.05,1.78,drowsy
0.173,0.086,33.7,7.42,10.75,unconscious
0.108,0.0,26.2,5.58,12.61,unconscious
0.169,0.671,8.7,1.6,4.01,drowsy
0.335,0.291,6.5,0.08,0.0,alert
0.131,0.404,16.4,8.27,7.63,unconscious
0.294,0.692,15.0,1.48,3.49,drowsy
0.209,0.875,15.1,0.85,1.78,drowsy
0.171,0.677,19.7,1.07,11.17,unconscious
0.17,0.441,31.3,6.76,5.12,unconscious
0.288,0.51,22.2,1.58,2.96,drowsy
0.235,0.418,2.6,1.53,5.99,drowsy
0.148,0.611,13.0,1.41,0.74,drowsy
0.238,0.461,7.0,0.0,1.04,alert
0.204,0.537,15.7,1.19,1.78,drowsy
0.153,0.038,15.3,4.14,10.38,unconscious
0.213,0.317,8.7,0.36,3.88,drowsy
0.199,0.787,14.4,4.39,3.29,drowsy
0.235,0.404,14.8,2.04,4.8,drowsy
0.207,0.918,12.8,1.57,3.58,drowsy
0.222,0.045,3.6,0.11,0.48,alert
0.164,0.228,25.6,4.59,10.95,unconscious
0.329,0.476,3.3,1.4,1.32,drowsy
0.141,0.301,28.6,9.3,7.89,unconscious
0.238,0.365,6.5,0.0,0.0,alert
0.244,0.188,1.6,0.0,0.22,alert
0.176,0.651,17.1,2.76,4.61,drowsy
0.137,0.351,12.0,2.03,3.61,unconscious
0.247,0.316,7.1,0.41,0.97,alert
0.319,0.193,6.0,0.15,0.52,alert
0.261,0.788,21.8,2.61,1.74,drowsy
0.22,0.728,13.5,1.53,1.26,drowsy
0.05,0.895,23.1,5.25,2.84,drowsy
0.12,0.24,27.9,6.73,13.67,unconscious
0.143,0.232,24.3,5.35,6.53,unconscious
0.138,0.389,27.6,5.81,8.73,unconscious
0.145,0.773,15.0,0.42,5.38,drowsy
0.23,0.356,18.5,2.91,3.68,drowsy
0.117,0.23,18.3,6.29,6.89,unconscious
0.065,0.596,10.6,0.26,6.48,drowsy
0.164,0.932,27.6,2.25,0.71,drowsy
0.26,0.408,2.4,0.0,1.13,alert
0.212,0.681,11.8,1.03,3.75,drowsy
0.25,0.374,5.1,0.53,0.2,alert
0.096,0.374,27.8,5.11,7.81,unconscious
0.295,0.37,4.9,0.03,0.3,alert
0.262,0.226,3.5,0.27,0.0,alert
0.114,0.404,30.4,4.14,4.59,unconscious
0.193,0.724,23.6,2.09,2.26,drowsy
0.119,0.377,25.6,11.08,14.26,unconscious
0.09,0.384,34.1,9.62,11.17,unconscious
0.215,0.428,14.3,1.16,2.58,drowsy
0.14,0.463,6.0,0.86,2.46,drowsy
0.171,0.755,0.7,1.08,3.65,unconscious
0.177,0.033,28.4,7.65,6.25,drowsy
0.172,0.138,14.5,2.78,7.31,unconscious
0.294,0.448,4.0,0.33,0.45,alert
0.13,0.0,23.9,7.18,6.18,unconscious
0.093,0.31,29.9,5.4,8.57,unconscious
0.25,0.887,8.3,0.03,4.41,drowsy
0.296,0.813,19.2,1.99,3.36,drowsy
0.261,0.432,0.2,0.17,0.51,alert
0.12,0.286,21.8,8.94,8.83,unconscious
0.148,0.535,13.6,2.34,3.22,drowsy
0.194,0.553,29.4,4.64,5.34,unconscious
0.11,0.704,18.3,2.98,4.16,unconscious
0.127,0.052,20.3,4.28,1.52,unconscious
0.086,0.524,19.3,4.53,7.03,unconscious
0.258,0.636,10.5,0.34,5.06,drowsy
0.085,0.248,36.4,0.11,5.49,unconscious
0.121,0.245,31.8,8.85,4.84,unconscious
0.299,0.345,6.8,0.65,1.14,alert
0.161,0.241,22.1,5.11,12.0,unconscious
0.201,0.653,4.6,2.81,3.26,drowsy
0.195,0.305,9.7,2.18,5.0,drowsy
0.35,0.49,5.1,0.61,0.26,alert
0.146,0.132,19.8,3.06,11.59,unconscious
0.192,0.497,18.2,6.57,8.3,unconscious
0.339,0.761,13.2,2.86,4.92,drowsy
0.178,0.711,19.6,2.86,3.09,drowsy
0.179,0.473,7.5,2.81,4.17,drowsy
0.196,0.585,7.9,1.42,3.5,drowsy
0.093,0.437,27.6,6.55,5.25,unconscious
0.241,0.421,1.7,0.0,0.0,alert
0.211,0.42,5.3,1.78,4.6,drowsy
0.248,0.347,6.3,0.29,0.79,alert
0.164,0.304,33.5,5.7,9.06,unconscious
0.226,0.153,23.9,6.82,5.68,unconscious
0.191,0.557,41.9,4.0,6.61,unconscious
0.117,0.485,13.5,5.68,11.64,unconscious
0.319,0.779,4.1,0.25,3.05,drowsy
0.261,0.562,10.9,0.0,2.49,drowsy
0.284,0.256,1.7,0.32,0.16,alert
0.146,0.436,20.6,6.73,10.18,unconscious
0.192,0.138,15.6,7.93,8.99,unconscious
0.14,0.443,22.4,3.16,6.12,unconscious
0.206,0.692,3.4,1.99,3.1,drowsy
0.129,0.211,15.2,5.21,7.54,unconscious
0.217,0.626,17.8,1.98,3.47,drowsy
0.14,0.519,7.3,0.53,2.51,drowsy
0.151,0.277,19.6,5.55,6.01,unconscious
0.15,0.201,18.3,1.27,7.0,unconscious
0.284,0.344,5.6,0.08,0.34,alert
0.11,0.79,20.1,5.8,11.84,unconscious
0.315,0.235,3.1,0.81,1.32,alert
0.252,0.704,7.0,0.84,1.18,drowsy
0.214,0.69,12.3,2.24,2.8,drowsy
0.18,0.733,2.6,0.0,3.75,drowsy
0.192,0.713,1.7,2.36,0.44,drowsy
0.219,0.655,10.9,2.01,1.46,drowsy
0.256,0.845,6.3,1.2,3.44,drowsy
0.382,0.867,23.9,7.34,5.85,unconscious
0.229,0.557,11.5,1.94,4.7,drowsy
0.125,0.414,42.3,8.56,8.6,unconscious
0.161,0.515,10.2,1.47,2.97,drowsy
0.159,0.123,18.2,11.37,6.76,unconscious
0.16,0.238,26.9,3.71,7.13,unconscious
0.166,0.163,8.7,3.83,11.65,unconscious
0.222,0.668,18.9,2.73,3.96,drowsy
0.088,0.746,25.8,4.26,13.5,unconscious
0.164,0.39,33.9,4.36,9.38,unconscious
0.213,0.207,23.2,5.3,11.88,unconscious
0.28,0.245,5.0,0.1,0.7,alert
0.141,0.248,20.0,2.05,9.58,unconscious
0.12,0.353,6.0,1.24,2.41,drowsy
0.17,0.44,13.1,1.12,2.44,drowsy
0.231,0.801,4.6,2.48,0.49,drowsy
0.141,0.328,17.3,4.09,9.34,unconscious
0.137,0.361,25.9,3.91,11.42,unconscious
0.15,0.416,26.4,8.95,9.06,unconscious
0.149,0.267,27.6,3.73,6.79,unconscious
0.149,0.701,12.7,1.26,0.38,drowsy
0.182,0.338,30.2,5.24,8.48,unconscious
0.377,0.696,4.5,3.96,4.67,drowsy
0.277,0.257,4.8,0.0,0.0,alert
0.246,0.782,24.0,2.38,1.47,drowsy
0.24,0.774,12.8,1.55,0.35,drowsy
0.13,0.355,24.2,8.48,11.88,unconscious
0.276,0.17,7.1,0.68,0.84,alert
0.212,0.521,11.3,2.62,3.67,drowsy
0.079,0.0,36.8,4.91,6.5,unconscious
0.182,0.652,17.0,2.67,1.83,drowsy
0.234,0.496,24.4,6.65,7.68,unconscious
0.381,0.396,1.7,0.29,1.0,alert
0.132,0.502,22.4,7.26,5.39,unconscious
0.181,0.959,16.7,1.9,3.0,drowsy
0.268,0.142,0.3,0.35,0.0,alert
0.231,0.709,11.7,3.99,2.06,drowsy
0.224,0.342,1.3,0.37,0.46,alert
0.305,0.238,4.5,0.0,0.82,alert
0.077,0.194,10.9,5.54,0.85,unconscious
0.158,0.811,13.6,0.66,2.35,drowsy
0.299,0.275,4.3,0.38,0.97,alert
0.194,0.712,11.8,1.34,2.55,drowsy
0.095,0.436,36.1,5.75,7.85,unconscious
0.113,0.497,24.0,5.11,13.66,unconscious
0.133,0.206,30.6,4.27,7.06,unconscious
0.112,0.396,16.9,6.8,8.8,unconscious
0.182,0.625,7.5,0.47,3.67,drowsy
0.202,0.655,11.0,3.37,3.43,drowsy
0.133,0.638,10.1,3.85,1.2,drowsy
0.211,0.782,8.4,1.55,2.31,drowsy
0.373,0.181,3.9,0.0,0.0,alert
0.315,0.199,0.3,0.52,0.85,alert
0.126,0.655,23.3,6.67,5.88,unconscious
0.227,0.641,10.0,2.33,3.1,drowsy
0.196,0.622,9.7,0.9,5.89,drowsy
0.155,0.477,15.2,1.31,2.32,drowsy
0.289,0.327,4.8,0.21,0.13,alert
0.118,0.657,32.4,3.94,15.03,unconscious
0.324,0.385,3.6,0.01,0.71,alert
0.133,0.484,40.8,0.24,10.09,unconscious
0.225,0.269,1.3,0.0,0.0,alert
0.355,0.456,2.2,0.22,0.0,alert
0.341,0.454,1.2,0.35,0.93,alert
0.169,0.21,34.3,6.53,6.55,unconscious
0.295,0.271,5.6,0.34,0.62,alert
0.173,0.384,21.7,4.31,13.71,unconscious
0.346,0.222,5.9,0.0,0.92,alert
0.165,0.418,10.8,0.91,4.12,drowsy
0.191,0.443,28.2,1.31,11.9,unconscious
0.314,0.354,7.1,0.33,0.38,alert
0.06,0.526,25.4,3.51,8.91,unconscious
0.253,0.674,5.5,3.26,2.17,drowsy
0.149,0.565,13.6,6.71,2.13,unconscious
0.224,0.683,17.9,2.25,6.23,drowsy
0.098,0.436,21.9,4.69,8.48,unconscious
0.115,0.789,15.5,1.25,4.54,drowsy
0.174,0.666,7.9,2.36,0.64,drowsy
0.1,0.488,42.5,5.41,9.48,unconscious
0.304,0.353,7.3,0.0,0.45,alert
0.158,0.404,22.3,5.42,3.45,unconscious
0.283,0.515,4.3,0.42,0.0,alert
0.382,0.213,29.8,2.76,7.48,unconscious
0.188,0.391,31.1,2.36,7.16,unconscious
0.165,0.322,13.8,5.32,6.18,unconscious
0.293,0.324,4.6,0.57,0.54,alert
0.287,0.307,17.3,6.98,9.8,alert
0.167,0.0,31.5,8.71,10.52,unconscious
0.309,0.394,9.6,0.6,0.68,alert
0.338,0.582,4.7,5.6,7.03,alert
0.243,0.437,6.9,0.0,0.97,alert
0.256,0.354,5.5,0.37,1.04,alert
0.178,0.705,13.7,1.73,1.46,drowsy
0.123,0.545,9.0,2.0,2.55,drowsy
0.13,0.0,27.3,6.13,8.02,unconscious
0.298,0.614,4.3,0.13,1.03,alert
0.169,0.605,9.1,2.37,1.34,drowsy
0.144,0.116,22.1,6.86,9.62,unconscious
0.355,0.361,2.3,0.0,0.35,alert
0.134,0.411,31.2,6.12,10.56,unconscious
0.293,0.239,3.3,0.54,0.58,alert
0.119,0.185,28.5,6.82,6.14,unconscious
0.142,0.163,21.7,1.23,12.48,unconscious
0.131,0.581,24.1,4.04,4.29,drowsy
0.05,0.497,21.1,0.32,3.12,drowsy
0.05,0.854,37.5,3.19,4.87,unconscious
0.155,0.174,33.3,1.73,7.16,unconscious
0.232,0.852,12.4,2.62,5.27,drowsy
0.297,0.162,8.8,0.69,0.94,alert
0.203,0.902,19.7,1.35,1.08,drowsy
0.169,0.174,40.2,2.28,8.04,unconscious
0.2,0.231,40.5,5.01,7.25,unconscious
0.102,0.0,18.6,6.4,0.74,unconscious
0.235,0.356,9.6,0.08,0.47,alert
0.077,0.545,26.5,4.92,10.48,unconscious
0.222,0.578,10.2,3.2,0.21,drowsy
0.295,0.366,10.2,0.24,0.0,alert
0.063,0.459,31.9,3.83,12.16,unconscious
0.371,0.306,8.7,0.0,0.89,alert
0.131,0.041,23.4,3.75,5.69,unconscious
0.294,0.381,9.0,0.52,0.26,alert
0.256,0.423,11.3,0.19,0.38,alert
0.232,0.235,9.9,0.15,0.51,alert
0.305,0.198,4.8,0.78,0.5,alert
0.172,0.64,6.7,1.16,3.33,drowsy
0.292,0.183,8.2,0.04,0.0,alert
0.213,0.573,17.3,0.48,2.96,drowsy
0.277,0.331,2.3,0.06,0.25,alert
0.251,0.43,6.4,0.56,0.86,alert
0.293,0.237,7.5,0.0,0.13,alert
0.282,0.291,0.9,0.0,0.19,alert
0.214,0.634,18.6,1.45,0.79,drowsy
0.132,0.646,18.7,7.97,10.21,unconscious
0.212,0.458,16.0,1.72,2.5,drowsy
0.292,0.427,3.2,0.53,0.0,alert
0.289,0.152,8.3,0.69,0.51,alert
0.251,0.388,8.4,0.0,0.29,alert
0.107,0.287,15.6,4.7,9.31,unconscious
0.147,0.492,32.6,6.13,0.0,unconscious
0.208,0.489,12.2,1.39,0.29,drowsy
0.221,0.292,4.8,0.58,0.0,alert
0.262,0.412,8.8,0.35,1.19,alert
0.274,0.28,0.6,0.0,0.92,alert
0.109,0.0,10.5,5.51,8.34,unconscious
0.167,0.558,32.7,2.93,8.62,unconscious
0.228,0.506,1.9,0.16,0.0,alert
0.143,1.0,12.6,2.8,1.82,drowsy
0.163,0.281,16.5,3.68,8.93,unconscious
0.125,0.736,26.3,7.31,9.35,unconscious
0.165,0.066,33.9,8.16,5.47,unconscious
0.31,0.283,3.8,0.26,0.01,alert
0.21,0.63,6.6,1.08,2.44,drowsy
0.187,0.555,3.1,1.3,4.61,drowsy
0.281,0.246,8.0,0.35,0.61,alert
0.266,0.247,4.3,0.47,0.51,alert
0.168,0.547,32.4,6.51,6.15,unconscious
0.28,0.392,0.3,0.16,0.43,alert
0.244,0.346,0.5,0.0,0.76,alert
0.293,0.249,11.8,0.44,2.14,drowsy
0.112,0.55,32.5,7.3,12.96,unconscious
0.249,0.93,7.8,1.0,2.58,drowsy
0.225,0.652,9.0,3.29,4.81,drowsy
0.104,0.448,22.8,4.8,8.67,unconscious
0.167,0.818,11.6,0.06,1.62,drowsy
0.158,0.292,12.6,3.07,4.57,drowsy
0.214,0.578,35.1,7.06,5.84,unconscious
0.172,0.208,26.6,5.04,4.85,unconscious
0.241,0.265,10.1,0.0,0.48,alert
0.163,0.57,29.1,2.04,7.32,unconscious
0.106,0.674,23.4,6.88,9.84,unconscious
0.12,0.689,8.8,0.14,1.39,drowsy
0.097,0.484,18.1,5.8,4.02,alert
0.095,0.205,15.7,5.2,8.67,unconscious
0.189,0.015,35.4,5.6,6.8,unconscious
0.21,0.851,20.3,0.0,5.71,drowsy
0.106,0.476,10.5,2.46,1.79,drowsy
0.197,0.536,9.6,2.22,4.02,drowsy
0.106,0.098,23.7,2.79,7.62,unconscious
0.243,0.323,2.2,0.04,0.0,alert
0.175,0.516,30.6,4.73,10.63,unconscious
0.131,0.232,14.0,4.25,12.52,unconscious
0.134,0.619,17.9,4.61,9.14,unconscious
0.2,0.859,17.2,2.68,4.67,drowsy
0.257,0.803,30.4,5.81,3.75,unconscious
0.123,0.274,27.2,8.42,10.7,unconscious
0.177,0.804,15.5,3.27,7.88,unconscious
0.285,0.327,6.0,0.26,0.0,alert
0.182,0.269,26.6,0.26,8.63,unconscious
0.213,0.721,14.0,2.31,3.73,drowsy
0.354,0.235,17.4,7.8,7.66,drowsy
0.175,0.657,9.4,0.18,2.08,drowsy
0.226,0.371,0.1,0.14,0.93,alert
0.285,0.313,0.2,0.0,1.55,alert
0.227,0.614,19.5,2.33,6.8,drowsy
0.27,0.607,19.0,2.51,4.31,drowsy
0.366,0.22,1.4,0.0,0.0,alert
0.293,0.252,1.0,0.0,0.85,alert
0.179,0.396,12.6,4.86,9.63,unconscious
0.244,0.653,7.5,0.45,1.75,drowsy
0.319,0.319,0.4,0.0,0.51,alert
0.379,0.35,2.0,0.0,0.0,alert
0.31,0.608,11.6,1.7,3.79,drowsy
0.315,0.233,3.9,0.12,0.0,alert
0.185,0.293,18.4,1.21,2.24,drowsy
0.283,0.328,3.9,0.47,0.85,alert
0.286,0.741,11.8,3.81,9.92,alert
0.3,0.286,5.6,0.23,0.0,alert
0.297,0.261,5.0,0.35,0.0,alert
0.318,0.303,7.7,0.46,0.57,alert
0.308,0.304,4.4,0.5,0.51,alert
0.293,0.354,5.8,0.0,0.98,alert
0.075,0.336,23.4,4.16,3.19,drowsy
0.095,0.612,29.4,8.34,4.49,unconscious
0.161,0.552,11.2,7.89,9.06,alert
0.295,0.519,18.0,1.31,4.92,drowsy
0.177,0.571,6.2,1.84,3.57,drowsy
0.279,0.242,8.6,0.02,0.7,alert
0.267,0.177,9.6,0.0,0.67,alert
0.15,0.325,34.1,5.42,11.31,unconscious
0.057,0.842,22.0,6.76,9.56,drowsy
0.287,0.206,10.9,0.01,0.46,alert
0.175,0.752,26.0,3.62,8.47,unconscious
0.184,0.61,6.4,1.58,1.65,drowsy
0.15,0.527,11.9,2.74,3.42,drowsy
0.322,0.142,5.0,0.1,1.91,alert
0.05,0.404,33.7,3.67,9.89,unconscious
0.322,0.225,2.5,0.1,0.0,alert
0.148,0.573,8.3,2.13,1.07,drowsy
0.245,0.661,10.6,1.88,2.72,drowsy
0.154,0.716,12.2,1.69,3.51,drowsy
0.05,0.375,24.4,7.44,6.92,unconscious
0.147,0.622,11.7,2.58,3.6,drowsy
0.119,0.375,37.3,2.82,3.65,unconscious
0.323,0.201,0.8,0.0,0.36,alert
0.262,0.365,5.0,0.55,0.85,alert
0.091,0.57,22.4,4.63,5.45,unconscious
0.246,1.0,20.0,2.24,2.35,drowsy
0.268,0.765,13.6,2.97,0.0,drowsy
0.123,0.308,14.8,5.96,11.05,unconscious
0.152,0.282,31.3,7.73,3.15,unconscious
0.249,0.268,0.9,0.22,0.02,alert
0.114,0.615,21.9,8.17,5.81,unconscious
0.152,0.392,25.1,6.18,7.44,unconscious
0.246,0.436,20.0,1.47,2.96,drowsy
0.05,0.039,22.7,7.1,3.23,alert
0.248,0.48,6.7,2.18,1.93,drowsy
0.136,0.787,6.7,4.26,2.36,drowsy
0.143,0.795,12.9,1.05,5.68,drowsy
0.256,0.596,4.6,1.88,2.31,drowsy
0.2,0.609,7.3,1.89,2.45,drowsy
0.282,0.309,0.9,0.35,0.83,alert
0.169,0.818,8.8,2.26,1.39,drowsy
0.243,0.752,13.2,1.34,3.19,drowsy
0.307,0.363,7.2,0.61,0.5,alert
0.238,0.819,13.7,1.94,0.35,drowsy
0.183,0.702,23.1,1.97,2.05,unconscious
0.225,0.461,7.5,0.0,0.36,alert
0.235,0.381,14.1,0.81,2.71,drowsy
0.327,0.289,5.6,0.0,0.44,alert
0.438,0.743,24.2,7.37,1.62,drowsy
0.225,0.508,7.8,0.98,4.4,drowsy
0.109,0.642,32.5,3.81,2.14,unconscious
0.207,0.324,24.6,4.89,6.08,unconscious
0.334,0.203,2.0,0.65,0.02,alert
0.339,0.352,5.2,0.56,1.58,alert
0.094,0.595,20.8,6.88,2.06,unconscious
0.305,0.224,9.0,0.0,0.92,alert
0.132,0.346,23.6,7.87,10.77,unconscious
0.11,0.44,15.6,0.37,5.11,unconscious
0.352,0.044,27.7,4.03,4.76,drowsy
0.337,0.715,11.2,2.59,2.88,unconscious
0.102,0.169,22.4,7.05,6.72,unconscious
0.123,0.346,35.8,3.68,3.04,unconscious
0.172,0.595,10.4,4.03,13.84,unconscious
0.283,0.144,6.8,0.43,0.32,alert
0.157,0.466,16.1,4.71,8.55,unconscious
0.074,0.623,5.3,6.82,6.6,unconscious
0.232,0.285,2.2,0.0,0.06,alert
0.156,0.669,10.1,2.44,1.61,drowsy
0.273,0.409,5.0,0.37,0.0,alert
0.158,0.691,30.2,7.39,7.06,unconscious
0.27,0.365,7.2,0.0,0.76,alert
0.284,0.293,6.0,0.0,0.0,alert
0.229,0.54,13.6,0.58,0.96,drowsy
0.137,0.467,30.2,6.41,12.0,unconscious
0.138,0.0,19.3,3.01,6.68,unconscious
0.177,0.414,34.3,8.8,5.92,unconscious
0.313,0.358,15.4,4.5,9.24,unconscious
0.13,0.388,20.7,5.53,1.38,unconscious
0.266,0.261,5.8,0.0,0.74,alert
0.128,0.972,13.5,1.74,3.99,drowsy
0.136,0.295,23.1,2.42,12.05,unconscious
0.119,0.783,32.0,3.28,9.41,unconscious
0.24,0.255,9.2,0.0,0.17,alert
0.195,0.177,13.4,6.01,7.02,unconscious
0.258,0.429,6.5,0.21,0.0,alert
0.066,0.184,27.9,6.59,14.3,unconscious
0.178,0.461,27.5,1.79,9.65,unconscious
0.168,0.531,27.3,3.16,10.7,unconscious
0.133,0.167,15.8,5.07,7.54,unconscious
0.195,0.657,19.7,1.91,2.85,drowsy
0.149,0.31,27.4,2.76,12.78,unconscious
0.225,0.655,11.8,2.21,4.49,drowsy
0.22,0.183,25.9,5.19,5.55,unconscious
0.158,0.72,11.2,1.68,2.66,drowsy
0.228,0.516,12.1,1.29,2.07,drowsy
0.212,0.274,3.5,0.71,0.76,alert
0.257,0.284,6.0,0.69,0.9,alert
0.193,0.215,29.5,7.11,10.4,unconscious
0.164,0.295,23.5,5.04,9.42,unconscious
0.322,0.455,10.6,1.65,0.13,drowsy
0.143,0.192,30.6,1.6,9.73,unconscious
0.141,0.385,7.3,6.58,7.46,unconscious
0.211,0.773,18.6,2.77,0.87,drowsy
0.288,0.532,7.0,0.55,0.2,alert
0.246,0.355,3.7,0.47,0.29,alert
0.271,0.279,4.5,0.11,0.17,alert
0.08,0.665,21.7,4.84,11.17,unconscious
0.158,0.864,5.3,1.35,4.02,drowsy
0.301,0.275,1.6,0.81,0.94,alert
0.222,0.884,12.4,2.43,1.48,drowsy
0.188,1.0,12.5,2.75,3.98,drowsy
0.189,0.436,11.7,1.37,2.26,drowsy
0.327,0.476,0.6,0.1,6.61,drowsy
0.221,0.227,5.8,0.0,0.22,alert
0.199,0.628,6.4,1.21,3.67,drowsy
0.388,0.045,22.9,1.45,9.94,unconscious
0.215,0.411,5.5,3.37,2.67,drowsy
0.242,0.538,6.2,1.81,2.66,drowsy
0.118,0.262,30.2,3.65,11.87,unconscious
0.277,0.171,2.3,0.73,0.59,alert
0.097,0.51,21.6,7.36,7.47,unconscious
0.289,0.614,2.8,1.71,1.99,drowsy
0.164,1.0,8.7,1.3,1.76,drowsy
0.133,0.11,31.7,6.47,7.21,unconscious
0.189,0.74,15.4,0.81,4.73,drowsy
0.3,0.471,3.4,0.0,0.23,alert
0.247,0.091,14.1,0.41,4.78,unconscious
0.251,0.666,10.6,2.74,2.47,drowsy
0.201,0.521,6.2,1.88,4.35,drowsy
0.21,0.272,4.0,0.53,0.26,alert
0.259,0.239,4.9,0.51,0.6,alert
0.121,0.494,24.6,5.99,8.75,unconscious
0.262,0.641,12.2,1.85,2.74,drowsy
0.199,0.802,12.8,1.5,4.88,drowsy
0.107,0.335,22.7,6.15,13.33,unconscious
0.287,0.343,8.3,0.22,0.41,alert
0.168,0.475,14.2,2.46,2.68,drowsy
0.223,0.21,6.0,0.09,0.0,alert
0.135,0.622,11.7,1.41,3.67,drowsy
0.184,0.403,30.2,4.29,6.78,unconscious
0.236,0.534,7.6,1.3,4.49,drowsy
0.152,0.343,24.4,3.86,7.04,unconscious
0.238,0.549,11.6,1.73,3.93,drowsy
0.129,0.612,32.2,5.7,14.43,unconscious
0.224,0.575,1.6,1.44,4.09,drowsy
0.312,0.679,7.7,1.06,1.9,drowsy
0.112,0.389,25.3,7.65,5.52,unconscious
0.216,0.385,17.0,0.73,3.85,drowsy
0.12,0.904,7.7,1.14,3.89,drowsy
0.16,0.882,13.7,1.1,2.84,drowsy
0.209,0.603,12.7,0.0,6.05,drowsy
0.157,0.622,13.2,0.0,3.1,drowsy
0.268,0.198,3.5,0.21,0.9,alert
0.287,0.159,7.6,0.15,0.64,alert
0.286,0.355,5.1,0.0,0.0,alert
0.158,0.367,19.3,6.2,7.47,unconscious
0.254,0.357,3.8,0.26,1.23,alert
0.211,0.381,4.9,2.23,2.49,drowsy
0.236,0.415,6.2,0.17,0.02,alert
0.342,0.186,10.7,0.57,0.27,alert
0.322,0.349,8.3,0.64,0.0,alert
0.239,0.506,4.2,0.44,0.1,alert
0.14,0.419,25.9,4.05,7.15,unconscious
0.303,0.007,25.1,6.48,5.91,unconscious
0.123,0.211,6.6,2.19,8.72,unconscious
0.13,0.09,28.6,3.36,8.75,unconscious
0.278,0.613,20.6,2.37,2.52,drowsy
0.193,0.364,26.0,3.84,11.9,unconscious
0.271,0.37,0.7,0.37,0.0,alert
0.092,0.208,24.7,4.17,9.33,unconscious
0.27,0.216,25.4,0.23,3.41,unconscious
0.233,0.807,8.4,2.44,3.39,drowsy
0.327,0.191,3.0,0.46,0.0,alert
0.082,0.427,32.5,1.26,5.5,unconscious
0.189,0.581,39.6,9.67,10.47,unconscious
0.288,0.39,4.0,0.23,0.1,alert
0.247,0.717,12.2,2.23,1.05,drowsy
0.117,0.4,37.8,5.22,7.4,unconscious
0.278,0.287,5.9,0.02,0.1,alert
0.226,0.689,8.3,1.24,3.63,drowsy
0.217,0.698,18.2,2.94,5.41,drowsy
0.233,0.781,17.2,1.46,3.6,drowsy
0.198,0.454,2.4,2.57,2.69,drowsy
0.262,0.283,5.3,0.48,1.18,alert
0.111,0.871,7.4,1.89,3.58,drowsy
0.259,0.244,2.2,0.49,0.0,alert
0.231,0.439,14.3,0.82,4.79,drowsy
0.31,0.339,5.1,0.24,0.71,alert
0.118,0.361,41.3,2.37,11.84,unconscious
0.137,0.368,31.1,2.9,7.84,unconscious
0.293,0.413,2.3,0.7,0.48,alert
0.315,0.61,25.0,0.64,3.48,drowsy
0.171,0.11,20.3,2.66,10.74,unconscious
0.173,0.659,48.8,7.46,8.19,unconscious
0.079,0.474,17.3,4.95,6.4,unconscious
0.276,0.288,9.6,0.0,0.8,alert
0.259,0.424,6.7,0.7,4.17,drowsy
0.164,0.477,27.1,3.03,8.93,unconscious
0.298,0.274,6.8,0.15,0.26,alert
0.224,0.562,17.6,2.83,1.41,drowsy
0.182,0.514,25.8,5.21,10.12,unconscious
0.283,0.342,7.8,0.31,0.0,alert
0.102,0.355,31.0,5.09,4.19,unconscious
0.216,0.144,29.3,5.7,5.88,unconscious
0.258,0.473,4.1,0.0,0.16,alert
0.303,0.288,4.3,0.49,0.27,alert
0.325,0.256,7.1,0.62,1.03,alert
0.29,0.251,11.2,0.0,0.47,alert
0.12,0.661,24.3,6.61,6.35,unconscious
0.256,0.299,5.3,0.58,0.0,alert
0.202,0.546,11.0,1.95,3.44,drowsy
0.274,0.376,0.9,0.22,0.0,alert
0.304,0.313,6.0,0.46,0.4,alert
0.116,0.118,15.8,5.67,9.1,unconscious
0.306,0.196,0.4,0.0,0.05,alert
0.228,0.555,11.7,1.09,1.34,drowsy
0.186,0.423,28.4,5.12,8.1,unconscious
0.273,0.573,9.5,0.68,0.18,drowsy
0.3,0.242,10.9,0.0,0.21,alert
0.265,0.34,2.4,0.0,0.59,alert
0.066,0.766,1.4,5.0,5.47,unconscious
0.274,0.355,6.2,0.17,3.44,drowsy
0.288,0.26,2.7,0.18,0.78,alert
0.362,0.354,8.1,0.02,1.18,alert
0.408,0.982,14.4,2.94,9.81,drowsy
0.257,0.013,5.2,0.15,0.88,alert
0.265,0.716,14.9,1.94,2.16,drowsy
0.107,0.554,27.3,5.29,12.15,unconscious
0.265,0.247,7.8,0.0,0.35,alert
0.431,0.425,39.7,5.92,7.76,alert
0.189,0.351,37.2,6.28,2.49,unconscious
0.274,0.236,5.6,0.13,0.69,alert
0.262,0.602,20.0,1.9,2.7,drowsy
0.219,0.287,2.6,0.22,1.15,alert
0.292,0.351,10.9,0.5,1.0,alert
0.196,0.669,24.6,3.84,2.52,unconscious
0.212,0.349,3.7,0.0,0.33,alert
0.294,0.43,4.3,0.0,0.16,alert
0.255,0.739,13.5,2.88,2.36,drowsy
0.351,0.323,4.4,0.27,0.75,alert
0.278,0.246,6.1,0.5,0.54,alert
0.29,0.508,2.7,0.0,0.01,alert
0.082,0.723,37.5,0.07,7.21,alert
0.13,0.609,12.2,0.85,4.32,drowsy
0.113,0.469,20.2,4.86,6.69,unconscious
0.202,0.752,9.9,2.83,1.51,drowsy
0.207,0.729,15.2,2.31,2.84,drowsy
0.172,0.11,17.2,6.39,7.01,unconscious
0.199,0.174,27.3,8.03,7.61,unconscious
0.301,0.207,2.6,0.0,1.3,alert
0.239,0.375,7.2,0.27,0.65,alert
0.1,0.291,36.5,5.58,3.53,unconscious
0.188,0.835,6.3,3.82,2.41,unconscious
0.186,0.527,5.6,3.43,4.46,drowsy
0.126,0.482,36.9,3.9,5.25,unconscious
0.095,0.282,31.1,5.21,6.54,unconscious
0.089,0.617,25.5,6.04,8.95,unconscious
0.389,0.19,5.0,0.35,0.33,alert
0.186,0.81,8.7,0.43,5.77,drowsy
0.203,0.545,30.2,1.04,10.58,unconscious
0.14,0.555,10.7,2.71,3.8,drowsy
0.239,0.338,5.7,0.09,0.0,alert
0.093,0.32,32.5,3.49,7.74,unconscious
0.1,0.64,1.9,0.02,3.1,drowsy
0.168,0.43,39.0,4.59,2.9,unconscious
0.305,0.467,2.7,0.08,0.93,alert
0.239,0.702,7.2,1.3,4.16,drowsy
0.212,0.542,19.1,3.08,2.5,drowsy
0.212,0.55,1.9,3.37,3.58,drowsy
0.149,0.695,29.0,3.01,5.03,unconscious
0.124,0.3,26.4,4.64,10.84,unconscious
0.096,0.445,16.3,4.55,5.87,unconscious
0.222,0.253,2.3,0.47,1.27,alert
0.29,0.217,6.2,0.95,0.02,alert
0.135,0.746,18.4,2.03,5.56,unconscious
0.234,0.304,10.4,0.26,0.11,alert
0.118,0.257,19.8,4.87,9.72,unconscious
0.175,0.529,16.1,0.95,3.17,drowsy
0.127,0.323,22.2,5.93,5.75,unconscious
0.239,0.772,25.6,2.01,3.63,drowsy
0.126,0.56,17.8,0.43,0.7,drowsy
0.272,0.339,10.2,0.63,0.75,alert
0.05,0.955,20.9,7.31,0.22,alert
0.243,0.276,3.9,0.21,0.44,alert
0.29,0.238,4.0,0.34,0.4,alert
0.167,0.779,19.2,3.71,3.56,drowsy
0.283,0.304,9.3,0.0,1.43,alert
0.172,0.379,10.9,0.74,3.84,drowsy
0.202,0.386,26.5,5.08,13.39,unconscious
0.248,0.338,3.3,0.14,1.16,alert
0.326,0.275,5.8,0.27,0.0,alert
0.257,0.47,27.6,3.19,0.26,alert
0.285,0.333,6.9,1.17,1.69,alert
0.189,0.482,42.6,5.34,11.6,unconscious
0.145,0.313,15.7,4.59,10.03,unconscious
0.212,0.648,10.9,2.14,2.1,drowsy
0.267,0.27,5.1,0.16,0.75,alert
0.247,1.0,8.9,2.56,4.94,drowsy
0.183,0.697,22.2,8.6,4.79,unconscious
0.314,0.384,2.6,0.3,0.4,alert
0.218,0.555,17.9,2.19,3.34,drowsy
0.155,0.33,38.4,5.72,6.13,unconscious
0.184,0.505,35.7,5.91,6.37,unconscious
0.201,0.98,14.3,0.36,3.6,drowsy
0.178,0.812,12.8,2.4,1.59,drowsy
0.144,0.79,7.8,1.46,3.94,drowsy
0.16,0.267,14.5,3.78,4.01,unconscious
0.164,0.538,31.6,3.35,6.58,unconscious
0.202,0.156,25.0,6.28,7.04,unconscious
0.197,0.329,14.8,5.26,9.84,unconscious
0.141,0.444,12.5,1.54,1.46,drowsy
0.063,0.211,29.7,1.18,2.23,drowsy
0.18,0.307,29.9,3.37,7.75,unconscious
0.139,0.452,27.8,4.2,4.29,unconscious
0.261,0.255,2.5,0.0,0.69,alert
0.129,0.035,28.4,7.78,14.73,unconscious
0.178,0.557,15.5,5.18,1.72,unconscious
0.257,0.292,4.6,0.33,0.41,alert
0.132,0.718,17.9,1.01,5.24,drowsy
0.064,0.46,26.2,9.44,8.33,unconscious
0.255,0.532,10.1,0.0,0.86,drowsy
0.267,0.178,5.3,0.43,0.0,alert
0.116,0.425,16.2,2.36,5.48,unconscious
0.211,0.644,10.0,2.01,3.66,drowsy
0.245,0.462,6.9,0.82,2.83,drowsy
0.102,0.602,18.8,4.52,5.63,unconscious
0.144,0.551,24.7,3.16,10.43,unconscious
0.121,0.424,39.3,5.56,12.35,unconscious
0.271,0.419,5.0,0.43,0.0,alert
0.224,0.672,13.4,1.66,2.19,drowsy
0.165,0.507,9.3,3.15,5.38,alert
0.277,0.491,6.8,0.0,0.62,alert
0.229,0.494,12.6,1.24,3.72,drowsy
0.286,0.46,10.2,0.41,0.0,alert
0.308,0.328,7.3,0.58,0.0,alert
0.235,0.292,5.0,0.32,0.24,alert
0.174,0.71,13.3,2.37,2.28,drowsy
0.08,0.334,24.7,7.35,10.17,unconscious
0.146,0.0,20.8,3.25,8.46,unconscious
0.058,0.753,1.9,1.2,1.05,drowsy
0.198,0.262,37.9,4.37,14.34,unconscious
0.061,0.199,23.3,3.67,10.97,unconscious
0.107,0.669,37.8,5.03,7.87,unconscious
0.161,0.323,26.0,2.23,12.3,unconscious
0.225,0.343,24.3,3.86,10.82,unconscious
0.065,0.166,26.4,2.5,2.66,alert
0.177,0.446,32.6,7.2,10.66,unconscious
0.279,0.245,3.9,0.22,0.61,alert
0.05,0.134,14.7,7.63,4.42,unconscious
0.187,0.568,20.8,4.23,11.94,unconscious
0.067,0.525,16.0,2.99,3.53,unconscious
0.307,0.22,0.4,0.26,0.0,alert
0.188,0.604,10.2,2.1,2.42,drowsy
0.191,0.71,18.8,3.5,10.29,unconscious
0.14,0.673,36.8,6.49,12.12,unconscious
0.241,0.506,5.6,0.5,1.15,alert
0.202,0.616,14.0,3.38,2.03,drowsy
0.1,0.841,5.6,2.12,4.12,drowsy
0.124,0.551,13.7,8.36,6.25,unconscious
0.161,0.407,16.9,1.53,10.23,unconscious
0.146,0.164,20.4,6.05,11.25,unconscious
0.05,0.94,25.8,0.81,9.72,drowsy
0.23,0.49,24.9,5.83,3.56,drowsy
0.205,0.265,21.2,0.83,2.27,unconscious
0.237,0.285,3.2,0.57,0.71,alert
0.154,0.827,41.5,4.14,3.25,unconscious
0.135,0.918,15.8,2.15,0.75,drowsy
0.29,0.195,4.0,0.06,0.1,alert
0.199,0.424,7.3,2.47,2.22,drowsy
0.223,0.413,5.8,0.59,1.23,alert
0.266,0.509,2.4,0.69,1.18,alert
0.145,0.572,27.0,8.06,5.65,unconscious
0.219,0.256,23.7,7.68,3.85,unconscious
0.173,0.429,17.9,2.14,2.79,drowsy
0.306,0.295,2.5,0.0,0.34,alert
0.215,0.687,11.1,1.82,3.99,drowsy
0.05,0.447,37.7,3.18,4.34,drowsy
0.27,0.419,5.2,0.0,0.44,alert
0.132,0.378,25.3,4.26,5.13,unconscious
0.28,0.395,0.0,0.27,0.78,alert
0.339,0.556,2.9,0.14,0.02,alert
0.101,0.407,24.4,5.14,5.73,unconscious
0.307,0.112,0.5,0.0,0.54,alert
0.22,0.906,15.7,0.0,6.08,drowsy
0.095,0.503,28.8,4.02,11.59,unconscious
0.321,0.245,1.0,0.72,0.0,alert
0.177,0.793,18.8,2.15,4.19,drowsy
0.186,0.337,18.3,9.11,5.44,unconscious
0.148,0.706,10.1,5.92,11.41,unconscious
0.178,0.865,6.8,3.66,3.61,drowsy
0.246,0.309,4.8,0.08,0.0,alert
0.251,0.666,16.0,2.75,2.55,drowsy
0.27,0.292,2.5,0.0,0.39,alert
0.322,0.354,1.1,0.58,0.02,alert
0.303,0.463,5.1,0.16,0.65,alert
0.4,0.006,32.5,2.8,7.18,unconscious
0.214,0.517,9.2,3.71,0.89,drowsy
0.352,0.355,4.4,0.03,0.9,alert
0.237,0.738,18.0,3.4,5.15,drowsy
0.17,0.778,18.7,1.98,1.73,drowsy
0.305,0.179,7.1,0.0,1.35,alert
0.116,1.0,9.7,1.29,2.19,drowsy
0.271,0.638,10.1,2.1,2.98,drowsy
0.117,0.36,26.3,5.08,8.69,unconscious
0.228,0.34,3.5,0.41,0.0,alert
0.133,0.625,51.3,2.65,10.62,unconscious
0.266,0.677,17.9,1.76,5.03,drowsy
0.283,0.29,0.2,0.04,1.2,alert
0.222,0.48,12.5,1.32,4.1,drowsy
0.216,0.195,2.8,0.35,0.74,alert
0.248,0.483,5.8,0.0,0.11,alert
0.193,0.484,16.9,5.47,8.05,unconscious
0.134,0.419,28.4,8.37,9.67,unconscious
0.281,0.178,7.2,0.77,1.42,alert
0.31,0.341,5.6,0.0,0.0,alert
0.14,0.348,22.9,1.86,10.38,unconscious
0.153,0.385,24.4,5.83,11.71,unconscious
0.184,0.471,29.2,4.37,4.69,unconscious
0.177,0.827,22.6,3.01,4.09,drowsy
0.252,0.492,21.9,3.14,0.0,unconscious
0.197,0.318,1.1,0.24,0.78,alert
0.215,0.726,11.1,1.63,2.69,drowsy
0.228,0.716,14.0,1.12,6.06,drowsy
0.24,0.242,6.9,6.58,7.98,alert
0.178,0.785,14.7,0.0,6.08,drowsy
0.197,0.568,13.2,2.07,4.66,drowsy
0.338,0.235,9.6,0.37,0.98,alert
0.145,0.299,27.6,3.21,5.41,unconscious
0.116,0.421,27.9,5.96,10.42,unconscious
0.143,0.267,31.0,7.57,14.95,unconscious
0.327,0.263,4.7,0.79,0.92,alert
0.319,0.216,4.9,0.33,0.97,alert
0.23,0.825,14.7,2.08,4.19,drowsy
0.119,0.349,27.1,2.82,3.93,unconscious
0.29,0.815,11.0,2.73,3.86,drowsy
0.106,0.536,28.7,5.72,5.79,unconscious
0.105,0.635,34.0,6.1,5.45,unconscious
0.334,0.188,3.3,0.3,0.18,alert
0.326,0.32,2.7,0.51,0.27,alert
0.306,0.314,6.4,0.65,0.58,alert
0.313,0.204,5.6,0.1,0.76,alert
0.276,0.266,4.4,0.0,0.14,alert
0.178,0.667,8.1,1.48,4.72,drowsy
0.295,0.15,1.4,0.0,0.0,alert
0.208,0.239,17.9,7.6,2.11,alert
0.16,0.453,7.4,1.49,2.33,drowsy
0.241,0.8,15.6,1.75,1.65,drowsy
0.135,0.755,12.0,2.36,4.95,drowsy
0.123,0.337,21.1,7.88,13.49,unconscious
0.281,0.379,5.1,0.11,0.2,alert
0.291,0.561,18.2,0.8,3.3,drowsy
0.209,0.852,6.4,2.51,1.79,drowsy
0.141,0.184,30.5,3.46,10.23,unconscious
0.217,0.528,13.0,1.62,3.86,drowsy
0.251,0.396,2.4,5.18,4.99,drowsy
0.119,0.151,24.2,4.55,8.8,unconscious
0.179,0.434,14.0,2.11,1.4,drowsy
0.141,0.351,30.5,4.03,4.52,unconscious
0.24,0.483,32.6,5.63,0.0,unconscious
0.231,0.633,14.1,1.78,3.12,drowsy
0.167,0.442,12.5,1.56,1.54,drowsy
0.273,0.189,3.1,0.0,2.04,alert
0.149,0.563,10.6,3.22,1.5,drowsy
0.148,0.244,0.1,1.17,2.7,drowsy
0.06,0.297,22.4,3.55,11.55,unconscious
0.201,0.664,7.7,2.24,5.1,drowsy
0.31,0.282,0.6,0.0,0.39,alert
0.168,0.605,20.9,4.01,0.0,drowsy
0.179,0.257,4.9,1.72,1.75,drowsy
0.282,0.816,7.0,2.05,3.47,drowsy
0.276,0.312,0.4,0.0,0.64,alert
0.283,0.319,7.0,0.22,0.47,alert
0.255,0.312,3.5,0.4,1.01,alert
0.235,0.298,4.1,0.08,0.21,alert
0.203,0.192,26.5,1.43,13.96,unconscious
0.16,0.574,26.8,6.91,6.77,unconscious
0.152,0.581,27.6,5.33,3.8,unconscious
0.203,0.281,3.4,0.0,1.07,alert
0.179,0.707,24.5,1.97,9.21,unconscious
0.16,0.073,25.2,5.33,8.49,unconscious
0.205,0.462,14.7,2.59,4.01,drowsy
0.161,0.657,36.8,6.51,10.88,unconscious
0.261,0.514,8.1,0.83,2.93,drowsy
0.29,0.596,11.1,2.86,5.5,drowsy
0.158,0.545,8.9,0.94,4.57,drowsy
0.313,0.347,12.9,0.0,0.13,alert
0.186,0.537,10.5,1.05,2.77,drowsy
0.114,0.515,31.6,11.57,8.25,unconscious
0.171,0.853,13.0,0.02,0.03,drowsy
0.218,0.628,18.5,3.92,2.71,drowsy
0.282,0.372,4.2,0.17,0.67,alert
0.207,0.575,27.5,4.05,9.42,unconscious
0.241,0.324,4.8,0.16,1.07,alert
0.301,0.466,4.3,0.46,0.0,alert
0.05,0.274,18.6,7.8,8.81,drowsy
0.161,0.648,13.7,0.47,3.54,drowsy
0.352,0.44,2.3,0.56,0.0,alert
0.28,0.48,11.5,4.08,1.68,drowsy
0.315,0.685,20.2,1.66,1.82,drowsy
0.102,0.825,9.4,3.13,3.91,drowsy
0.209,0.771,7.7,1.42,1.13,drowsy
0.289,0.415,9.4,0.47,0.45,alert
0.298,0.229,2.8,0.56,0.45,alert
0.128,0.439,28.6,3.73,6.49,unconscious
0.146,0.67,10.8,3.06,3.07,drowsy
0.107,0.509,24.5,4.74,9.53,unconscious
0.28,0.419,3.4,0.26,0.06,alert
0.211,0.826,16.9,0.59,3.34,drowsy
0.138,0.333,21.2,5.16,12.27,unconscious
0.129,0.392,14.4,3.83,8.78,unconscious
0.136,0.266,22.2,1.53,5.17,unconscious
0.214,0.722,10.5,1.42,2.68,drowsy
0.169,0.561,4.0,2.45,1.71,drowsy
0.248,0.311,7.1,0.0,0.27,alert
0.171,0.633,13.2,2.83,3.76,drowsy
0.212,0.525,10.1,2.96,1.66,drowsy
0.064,0.582,26.9,3.36,9.84,unconscious
0.223,0.4,6.1,0.0,0.0,alert
0.292,0.464,1.2,0.0,1.0,alert
0.05,0.215,15.5,4.16,8.09,unconscious
0.193,0.568,10.8,2.51,0.09,drowsy
0.15,0.275,14.4,9.34,5.83,unconscious
0.317,0.4,5.3,0.56,0.93,alert
0.289,0.279,3.0,0.27,0.72,alert
0.075,0.594,19.4,5.88,7.31,unconscious
0.177,0.227,31.0,5.58,7.55,unconscious
0.303,0.226,4.5,0.31,0.08,alert
0.247,0.293,6.4,0.0,1.11,alert
0.317,0.378,6.7,0.55,0.02,alert
0.276,0.375,3.3,0.53,0.0,alert
0.225,0.055,17.7,4.97,5.25,unconscious
0.09,0.513,22.8,4.95,11.13,unconscious
0.268,0.269,3.1,0.0,1.06,alert
0.171,0.425,34.4,7.7,7.03,unconscious
0.211,0.165,2.2,0.35,0.05,alert
0.309,0.225,5.2,0.11,0.0,alert
0.234,0.412,18.8,3.3,4.47,drowsy
0.219,0.428,7.5,1.88,3.0,drowsy
0.097,0.48,26.9,6.13,5.42,unconscious
0.262,0.648,12.2,0.35,3.37,drowsy
0.149,0.637,22.2,3.8,4.04,unconscious
0.134,0.127,20.6,5.33,10.72,unconscious
0.107,0.202,28.8,1.61,5.92,unconscious
0.159,0.641,5.6,0.72,3.37,drowsy
0.269,0.386,4.9,0.36,0.61,alert
0.129,0.721,21.7,5.04,7.23,unconscious
0.203,0.864,9.5,2.39,4.24,drowsy
0.119,0.468,26.1,3.49,7.32,unconscious
0.194,0.493,30.8,6.13,5.4,unconscious
0.26,0.177,3.2,0.0,0.07,alert
0.217,0.883,20.7,1.8,0.0,drowsy
0.251,0.244,2.9,0.07,0.0,alert
0.294,0.661,6.9,2.13,2.76,drowsy
0.118,0.775,28.2,4.7,8.94,unconscious
0.2,0.669,5.3,3.39,2.7,drowsy
0.15,0.565,9.8,2.52,5.0,drowsy
0.168,0.509,9.8,1.79,2.9,drowsy
0.172,0.38,37.3,5.38,5.35,unconscious
0.167,0.139,35.8,8.12,10.06,unconscious
0.248,0.768,3.1,1.99,5.15,drowsy
0.294,0.426,7.3,0.0,1.13,alert
0.217,0.631,9.2,0.0,1.03,drowsy
0.234,0.351,2.1,0.0,1.32,alert
0.163,0.344,24.2,3.74,6.12,unconscious
0.084,0.0,16.0,7.61,6.53,unconscious
0.33,0.234,5.2,0.08,0.97,alert
0.17,0.253,13.4,6.64,7.14,unconscious
0.294,0.631,8.0,3.04,1.49,drowsy
0.233,0.84,10.2,7.26,6.37,alert
0.183,0.552,23.2,2.31,11.82,unconscious
0.225,0.305,2.1,0.0,0.56,alert
0.26,0.419,3.4,0.57,1.01,alert
0.306,0.268,6.7,0.29,0.54,alert
0.289,0.163,7.4,0.0,1.18,alert
0.168,0.334,10.0,2.49,4.68,drowsy
0.103,0.821,23.6,4.94,5.5,unconscious
0.16,0.591,11.3,3.32,1.25,drowsy
0.104,0.524,14.3,5.7,12.08,unconscious
0.214,0.511,7.9,3.77,1.86,drowsy
0.246,1.0,17.3,2.33,4.37,drowsy
0.05,0.183,31.3,4.01,3.91,unconscious
0.355,0.231,3.9,0.0,0.76,alert
0.101,0.763,16.2,0.55,4.21,drowsy
0.16,0.066,24.0,5.33,11.26,unconscious
0.092,0.316,27.6,5.16,8.61,unconscious
0.16,0.452,15.0,1.02,1.27,drowsy
0.272,0.526,22.3,2.1,3.91,drowsy
0.277,0.278,4.2,0.47,0.14,alert
0.23,0.454,10.0,0.82,3.8,drowsy
0.371,0.344,17.0,2.07,7.67,alert
0.303,0.176,1.2,0.56,0.37,alert
0.113,0.477,33.7,5.48,5.57,unconscious
0.151,0.485,25.1,1.46,2.95,unconscious
0.301,0.23,9.5,0.0,0.75,alert
0.216,0.285,5.5,0.17,0.69,alert
0.118,0.243,15.7,1.91,1.49,drowsy
0.23,0.574,4.1,1.36,1.54,drowsy
0.306,0.263,16.8,0.5,0.5,alert
0.24,0.678,5.1,1.18,0.6,drowsy
0.259,0.274,3.6,0.0,1.07,alert
0.142,0.095,5.7,7.07,1.09,alert
0.242,0.304,6.4,0.0,0.19,alert
0.141,0.21,25.2,6.13,6.13,unconscious
